,G_ID,G_DAY_DS,T_ID,VS_T_ID,HEADER_NO,TB_SC,PA,AB,RBI,RUN,HIT,H2,H3,HR,SB,CS,SH,SF,BB,IB,HP,KK,GD,ERR,LOB,P_HRA_RT,P_AB_CN,P_HIT_CN
0,0,20200721,HT,HH,0,T,50,41,9,10,16,2,0,2,0,0,0,0,8,0.0,1,8,2,2,26,0.333333333,15,5
1,1,20200721,SK,LT,0,B,40,34,8,8,13,1,0,3,2,0,2,1,4,0.0,0,6,1,1,11,0.5,8,4
2,2,20200721,KT,LG,0,B,39,34,10,10,12,0,0,3,1,0,1,0,4,0.0,0,7,1,1,9,0.5,8,4
3,3,20200721,NC,SS,0,B,42,38,6,6,13,3,0,3,0,0,1,0,2,1.0,1,7,0,0,9,0.428571429,7,3
4,4,20200721,OB,WO,0,B,32,31,6,6,7,2,1,1,2,0,0,0,1,0.0,0,6,0,0,4,0.8,5,4
5,5,20200721,LG,KT,0,T,44,38,9,9,13,4,0,2,0,0,0,0,6,0.0,0,7,1,1,21,0.2,10,2
6,6,20200721,LT,SK,0,T,40,35,7,7,10,1,0,1,1,0,0,0,5,0.0,0,4,1,1,10,0.25,4,1
7,7,20200721,WO,OB,0,T,36,35,1,1,9,1,0,0,0,0,0,0,1,0.0,0,9,0,0,14,0.166666667,6,1
8,8,20200721,SS,NC,0,T,41,36,5,5,9,0,0,1,3,0,1,0,4,0.0,0,7,2,2,13,0.28571428600000004,7,2
9,9,20200721,HH,HT,0,B,32,29,2,2,3,0,0,1,0,0,0,0,2,0.0,1,7,1,1,6,0.0,0,0
10,10,20200722,HT,HH,0,T,37,30,2,2,5,0,0,0,0,0,3,0,3,0.0,1,10,0,0,16,0.111111111,9,1
11,11,20200722,HH,HT,0,B,35,29,1,1,4,1,0,0,0,0,1,0,5,0.0,0,14,1,1,15,0.0,6,0
12,12,20200724,HH,SK,0,B,36,29,3,4,5,0,0,0,1,0,0,0,7,0.0,0,11,1,1,22,0.25,8,2
13,13,20200724,KT,NC,0,B,39,33,1,2,6,1,0,1,2,0,0,0,6,0.0,0,10,0,0,20,0.0,11,0
14,14,20200724,WO,LT,0,B,34,31,2,2,6,2,0,1,1,0,1,1,2,0.0,0,12,1,1,8,0.2,5,1
15,15,20200724,OB,LG,0,B,35,31,1,1,8,3,0,0,1,0,0,0,4,0.0,0,4,2,2,12,0.166666667,6,1
16,16,20200724,SK,HH,0,T,40,34,7,7,8,1,0,3,1,0,1,1,5,0.0,0,13,0,0,14,0.2,5,1
17,17,20200724,LT,WO,0,T,40,33,3,4,9,1,0,0,2,0,0,0,6,0.0,0,8,0,0,22,0.181818182,11,2
18,18,20200724,LG,OB,0,T,46,40,8,8,15,2,1,2,1,0,0,0,5,1.0,1,3,1,1,23,0.25,12,3
19,19,20200724,NC,KT,0,T,37,32,3,3,7,2,0,1,1,0,2,0,3,0.0,0,11,0,0,12,0.333333333,6,2
20,20,20200725,LG,OB,0,B,36,35,2,3,10,3,0,0,0,0,0,0,1,0.0,0,8,3,3,17,0.428571429,7,3
21,21,20200725,HT,SS,0,T,37,31,8,8,11,2,0,0,0,0,3,1,3,1.0,0,9,1,1,11,0.5,10,5
22,22,20200725,OB,LG,0,T,34,31,7,7,10,4,0,1,0,0,1,1,2,0.0,0,6,0,0,6,0.571428571,7,4
23,23,20200725,KT,NC,0,B,33,29,6,6,8,4,0,1,0,0,0,0,4,0.0,0,9,2,2,11,0.333333333,9,3
24,24,20200725,LT,WO,0,T,40,35,6,6,9,2,0,0,0,0,0,0,3,0.0,2,11,0,0,15,0.4,10,4
25,25,20200725,SS,HT,0,B,38,32,2,2,7,1,0,0,1,0,0,0,6,0.0,0,10,0,0,14,0.0,5,0
26,26,20200725,NC,KT,0,T,36,31,2,2,6,0,0,0,0,0,1,1,4,0.0,0,3,0,0,12,0.25,4,1
27,27,20200725,WO,LT,0,B,36,27,3,3,3,1,0,0,0,0,2,1,6,0.0,1,8,1,1,11,0.166666667,6,1
28,28,20200726,HH,SK,0,B,38,34,4,4,8,2,0,1,0,0,0,0,4,0.0,0,8,1,1,12,0.2,5,1
29,29,20200726,OB,LG,0,B,40,32,3,3,8,2,0,1,0,0,1,0,6,1.0,1,5,1,1,16,0.333333333,9,3
30,30,20200726,NC,KT,0,T,34,32,4,4,7,1,0,2,1,0,1,1,1,0.0,0,7,1,1,7,0.25,4,1
31,31,20200726,LT,WO,0,T,37,34,1,1,8,3,0,0,1,0,0,0,3,0.0,0,4,2,2,21,0.2,10,2
32,32,20200726,SS,HT,0,T,43,36,5,5,12,4,0,1,1,0,3,1,4,0.0,0,4,0,0,17,0.083333333,12,1
33,33,20200726,KT,NC,0,B,36,34,5,5,8,0,0,3,2,0,0,0,2,0.0,0,8,1,1,14,0.166666667,6,1
34,34,20200726,SK,HH,0,T,42,35,7,7,10,2,0,0,1,0,0,0,5,0.0,2,5,1,1,23,0.3125,16,5
35,35,20200726,HT,SS,0,B,41,37,6,8,12,2,1,0,0,0,0,0,3,0.0,1,5,0,0,19,0.384615385,13,5
36,36,20200726,WO,LT,0,B,40,35,8,8,13,4,0,0,0,0,0,0,4,1.0,1,5,1,1,21,0.3125,16,5
37,37,20200726,LG,OB,0,T,36,33,4,4,7,0,1,0,2,0,1,1,2,0.0,0,8,1,1,16,0.166666667,6,1
38,38,20200727,SK,HH,0,T,37,32,5,5,10,3,0,1,1,0,1,0,3,0.0,1,5,3,3,11,0.428571429,7,3
39,39,20200727,HH,SK,0,B,35,29,5,5,5,3,0,0,1,0,1,0,5,0.0,0,5,2,2,11,0.28571428600000004,7,2
40,40,20200728,LG,SK,0,T,58,49,23,24,23,3,1,6,0,0,0,0,7,1.0,2,6,1,1,24,0.42105263200000004,19,8
41,41,20200728,LT,NC,0,B,46,36,11,11,14,3,0,2,0,0,2,1,8,1.0,0,6,1,1,15,0.5,10,5
42,42,20200728,WO,OB,0,T,43,34,5,6,8,2,0,1,0,0,2,1,5,1.0,2,6,0,0,19,0.166666667,12,2
43,43,20200728,NC,LT,0,T,46,42,8,9,17,3,0,2,2,0,0,0,4,0.0,0,7,1,1,17,0.4,10,4
44,44,20200728,OB,WO,0,B,38,36,2,2,9,2,0,1,0,0,0,0,2,0.0,0,4,0,0,15,0.111111111,9,1
45,45,20200728,SK,LG,0,B,41,34,7,7,8,3,0,2,0,0,0,0,5,0.0,2,10,1,1,23,0.214285714,14,3
46,46,20200729,SK,LG,0,B,44,40,6,6,14,1,0,4,2,0,0,0,3,0.0,1,5,0,0,22,0.153846154,13,2
47,47,20200729,SS,HH,0,B,44,34,7,7,9,1,0,2,1,0,0,0,8,0.0,2,7,1,1,23,0.111111111,9,1
48,48,20200729,HH,SS,0,T,49,44,8,12,18,1,0,1,0,0,1,1,3,0.0,1,7,1,1,21,0.5,14,7
49,49,20200729,LG,SK,0,T,45,36,11,11,13,0,0,3,1,0,0,0,8,0.0,1,7,2,2,14,0.5,12,6
50,50,20200730,HH,SS,0,T,42,36,1,1,3,0,0,0,0,0,0,0,4,0.0,2,12,0,0,21,0.0,5,0
51,51,20200730,WO,OB,0,T,39,34,8,8,13,2,0,1,2,0,1,0,3,0.0,1,2,2,2,14,0.5,10,5
52,52,20200730,KT,HT,0,T,38,31,4,4,11,2,0,0,1,0,2,0,3,0.0,2,6,1,1,17,0.363636364,11,4
53,53,20200730,LG,SK,0,T,45,39,9,9,13,3,0,1,1,0,0,0,5,0.0,1,6,1,1,20,0.46666666700000003,15,7
54,54,20200730,SS,HH,0,B,46,36,1,2,6,2,0,0,3,0,2,0,7,1.0,1,12,0,0,23,0.066666667,15,1
55,55,20200730,OB,WO,0,B,41,36,5,5,10,0,0,2,2,0,1,0,3,0.0,1,8,0,0,17,0.14285714300000002,7,1
56,56,20200730,HT,KT,0,B,36,33,1,1,8,3,0,0,0,0,1,0,1,0.0,1,8,1,1,15,0.0,7,0
57,57,20200730,SK,LG,0,B,34,30,1,1,4,3,0,0,0,0,0,0,3,0.0,1,8,0,0,11,0.125,8,1
58,58,20200731,LT,HT,0,B,36,33,1,2,6,2,0,0,0,0,0,0,3,0.0,0,5,3,3,23,0.181818182,11,2
59,59,20200731,SS,WO,0,B,40,35,3,3,8,1,0,0,0,0,0,0,3,1.0,2,5,0,0,22,0.181818182,11,2
60,60,20200731,SK,KT,0,T,36,31,1,1,4,0,0,1,0,0,0,0,5,0.0,0,5,1,1,14,0.0,2,0
61,61,20200731,LG,HH,0,B,31,29,1,1,4,2,0,0,0,0,0,0,2,0.0,0,9,0,0,7,0.2,5,1
62,62,20200731,OB,NC,0,T,44,39,7,7,14,2,0,1,2,0,1,0,4,0.0,0,8,1,1,21,0.28571428600000004,14,4
63,63,20200731,NC,OB,0,B,42,37,10,10,14,4,0,1,2,0,0,0,3,0.0,2,7,1,1,15,0.4,15,6
64,64,20200731,WO,SS,0,T,42,36,9,10,10,2,0,3,1,0,0,0,6,0.0,0,7,1,1,15,0.41666666700000005,12,5
65,65,20200731,HH,LG,0,T,37,34,2,2,10,1,0,0,0,0,1,1,2,0.0,0,4,0,0,15,0.125,8,1
66,66,20200731,HT,LT,0,T,38,34,2,3,8,1,0,0,0,0,0,0,4,0.0,0,10,1,1,19,0.166666667,6,1
67,67,20200731,KT,SK,0,B,42,39,11,11,16,3,0,4,0,0,0,0,3,0.0,0,8,0,0,17,0.454545455,11,5
68,68,20200801,SK,KT,0,T,34,32,0,0,6,1,0,0,0,0,0,0,2,0.0,0,5,1,1,10,0.0,4,0
69,69,20200801,HH,LG,0,T,40,34,6,6,8,2,0,1,1,0,0,0,5,0.0,1,8,0,0,17,0.3,10,3
70,70,20200801,HT,LT,0,T,36,34,3,3,9,2,0,1,0,0,0,0,2,0.0,0,9,1,1,12,0.28571428600000004,7,2
71,71,20200801,NC,OB,0,B,52,45,10,10,15,4,0,2,2,0,0,0,7,0.0,0,8,0,0,20,0.35714285700000004,14,5
72,72,20200801,SS,WO,0,B,40,34,7,7,8,4,0,0,0,0,0,0,4,0.0,2,8,0,0,10,0.666666667,6,4
73,73,20200801,KT,SK,0,B,41,36,10,11,13,1,1,3,0,0,0,0,5,0.0,0,2,2,2,22,0.111111111,9,1
74,74,20200801,OB,NC,0,T,51,45,12,12,17,2,1,0,2,0,2,1,4,1.0,0,9,1,1,19,0.666666667,15,10
75,75,20200801,LG,HH,0,B,41,39,9,9,15,3,0,0,0,0,0,0,1,0.0,1,7,0,0,17,0.615384615,13,8
76,76,20200801,WO,SS,0,T,62,48,21,22,23,7,0,1,1,0,2,1,11,0.0,1,6,0,0,26,0.48,25,12
77,77,20200801,LT,HT,0,B,37,31,6,7,10,3,0,2,0,0,1,1,5,0.0,0,3,2,2,20,0.090909091,11,1
78,78,20200802,LT,HT,0,B,39,34,8,8,11,4,0,0,0,0,1,0,4,0.0,0,6,2,2,17,0.090909091,15,8
79,79,20200802,OB,OB,0,T,51,48,7,7,15,5,0,0,2,0,1,1,2,0.0,0,8,2,2,19,0.307692308,13,4
80,80,20200802,WO,SS,0,T,41,38,4,4,10,2,0,0,0,0,1,1,2,1.0,0,4,2,2,14,0.333333333,6,2
81,81,20200802,SS,WO,0,B,41,39,2,2,10,1,0,1,1,0,0,0,2,0.0,0,8,0,0,11,0.166666667,6,1
82,82,20200802,NC,OB,0,B,47,42,4,4,8,1,0,2,0,0,0,0,3,0.0,2,10,1,1,17,0.222222222,9,2
83,83,20200802,HT,LT,0,T,32,30,0,0,4,2,0,0,0,0,0,0,2,0.0,0,10,1,1,13,0.0,6,0
84,84,20200804,OB,SS,0,B,37,36,3,3,9,1,0,1,0,0,0,0,1,0.0,0,4,0,0,13,0.0,6,0
85,85,20200804,HT,LG,0,B,40,36,5,5,8,1,0,1,0,0,0,0,4,0.0,0,10,0,0,18,0.333333333,6,2
86,86,20200804,WO,KT,0,B,38,34,2,2,10,0,0,1,0,0,1,0,3,0.0,0,7,2,2,13,0.2,5,1
87,87,20200804,SK,LT,0,B,33,31,0,0,6,1,0,0,0,0,0,0,2,0.0,0,6,1,1,12,0.0,3,0
88,88,20200804,KT,WO,0,T,38,32,3,4,11,1,0,0,1,0,2,0,4,0.0,0,9,3,3,18,0.166666667,12,2
89,89,20200804,LT,SK,0,T,46,41,8,8,15,3,0,1,0,0,0,0,4,0.0,1,2,1,1,21,0.41666666700000005,12,5
90,90,20200804,LG,HT,0,T,47,41,15,15,16,1,2,3,0,0,0,0,5,0.0,1,9,1,1,16,0.538461538,13,7
91,91,20200804,SS,OB,0,T,41,34,5,6,7,2,0,1,1,0,0,0,6,1.0,1,10,0,0,20,0.333333333,9,3
92,92,20200805,OB,SS,0,B,32,28,2,2,4,0,0,0,1,0,0,0,3,0.0,1,4,0,0,14,0.0,6,0
93,93,20200805,SS,OB,0,T,40,34,2,2,12,2,0,0,1,0,2,0,4,2.0,0,4,1,1,22,0.166666667,12,2
94,94,20200805,NC,HH,0,T,43,30,5,5,6,0,1,0,0,0,2,1,9,1.0,2,4,1,1,18,0.181818182,11,2
95,95,20200805,HT,LG,0,B,38,35,4,4,9,1,0,0,1,0,1,0,2,0.0,0,11,0,0,13,0.5,6,3
96,96,20200805,LG,HT,0,T,41,35,6,6,11,3,0,2,0,0,1,0,5,0.0,0,10,2,2,15,0.3,10,3
97,97,20200805,HH,NC,0,B,43,33,6,8,12,2,0,1,0,0,3,2,5,0.0,2,5,2,2,17,0.25,12,3
98,98,20200805,WO,KT,0,B,46,40,12,12,15,2,0,1,0,0,0,0,5,0.0,1,7,0,0,30,2.125,17,8
99,99,20200805,KT,WO,0,T,36,34,3,3,10,1,0,1,0,0,0,0,1,0.0,1,3,1,1,10,0.28571428600000004,7,2
100,100,20200806,KT,WO,0,T,34,32,2,2,4,1,0,1,1,0,0,0,2,0.0,0,9,0,0,12,0.0,7,0
101,101,20200806,LG,HT,0,T,30,28,1,1,4,0,0,0,0,0,1,1,1,0.0,0,7,0,0,2,0.0,0,0
102,102,20200806,HH,NC,0,B,34,29,1,1,5,0,0,0,0,0,1,0,4,0.0,0,6,1,1,11,0.2,5,1
103,103,20200806,SK,LT,0,T,35,33,2,2,8,1,0,1,0,0,1,1,1,0.0,0,8,1,1,13,0.4,5,2
104,104,20200806,SS,OB,0,T,40,38,2,2,11,0,0,0,3,0,0,0,2,0.0,0,7,0,0,24,0.1,10,1
105,105,20200806,OB,SS,0,B,36,31,5,5,7,1,1,0,0,0,1,0,4,0.0,0,7,0,0,15,0.23076923100000002,13,3
106,106,20200806,NC,HH,0,T,39,32,4,4,8,1,0,2,0,0,0,0,7,0.0,0,4,1,1,17,0.14285714300000002,7,1
107,107,20200806,WO,KT,0,B,35,28,3,3,7,2,0,1,1,0,2,1,5,1.0,0,4,1,1,15,0.470588235,8,0
108,108,20200806,HT,LG,0,B,42,35,13,13,12,3,0,4,2,0,0,0,6,0.0,1,8,1,1,17,0.384615385,13,5
109,109,20200806,LT,SK,0,B,39,33,8,8,6,0,0,2,0,0,0,0,4,0.0,2,6,0,0,10,0.0,2,0
110,110,20200807,LT,OB,0,T,49,39,7,8,12,2,0,2,0,0,1,1,8,0.0,1,6,1,1,32,0.133333333,15,2
111,111,20200807,LG,WO,0,T,39,36,5,5,10,0,1,1,0,0,1,1,2,0.0,0,10,1,1,17,0.25,8,2
112,112,20200807,SS,SK,0,T,36,29,2,2,6,1,0,1,2,0,1,0,4,0.0,2,7,1,1,12,0.2,5,1
113,113,20200807,OB,LT,0,B,38,35,4,4,11,1,0,0,2,0,2,2,1,0.0,0,2,1,1,12,0.28571428600000004,7,2
114,114,20200807,WO,LG,0,B,38,32,2,2,6,2,0,0,0,0,1,1,4,0.0,1,8,0,0,21,0.0,9,0
115,115,20200807,SK,SS,0,B,34,32,0,0,4,1,0,0,0,0,0,0,2,0.0,0,7,0,0,16,0.0,8,0
116,116,20200808,NC,HT,0,T,40,31,2,2,6,1,2,0,2,0,0,0,7,0.0,2,6,1,1,16,0.375,8,3
117,117,20200808,OB,LT,0,B,16,16,1,1,3,0,0,1,0,0,0,0,0,0.0,0,0,2,2,3,0.0,0,0
118,118,20200808,LT,OB,0,T,24,22,1,1,6,1,0,0,0,0,1,1,1,0.0,0,6,1,1,7,0.0,2,0
119,119,20200808,LG,WO,0,T,35,32,1,1,8,2,0,1,0,0,0,0,3,0.0,0,4,0,0,7,0.666666667,3,2
120,120,20200808,SS,SK,0,T,19,17,2,2,5,1,0,1,0,0,1,1,1,0.0,0,1,0,0,6,0.0,1,0
121,121,20200808,HT,NC,0,B,28,28,3,3,4,1,0,1,0,0,0,0,0,0.0,0,9,0,0,1,0.5,2,1
122,122,20200808,SK,SS,0,B,22,19,2,4,3,2,1,0,0,0,0,0,2,0.0,1,0,0,0,11,0.14285714300000002,7,1
123,123,20200808,WO,LG,0,B,35,32,5,5,9,1,0,1,1,0,0,0,3,0.0,0,7,1,1,14,0.25,8,2
124,124,20200809,NC,HT,0,T,45,39,7,8,14,2,1,1,0,0,0,0,5,0.0,1,8,2,2,21,0.333333333,15,5
125,125,20200809,KT,HH,0,T,42,37,6,6,12,5,0,1,0,0,0,0,5,0.0,0,9,1,1,22,0.25,12,3
126,126,20200809,WO,LG,0,B,34,28,1,2,7,0,0,0,2,0,2,0,3,0.0,1,6,2,2,19,0.1,10,1
127,127,20200809,HH,KT,0,B,38,34,2,3,8,1,0,1,0,0,1,1,3,0.0,0,12,1,1,18,0.1,10,1
128,128,20200809,LG,WO,0,T,31,30,1,1,4,2,0,1,0,0,0,0,1,0.0,0,8,1,1,7,0.0,4,0
129,129,20200809,HT,NC,0,B,41,32,1,1,4,0,0,0,0,0,0,0,9,0.0,0,7,0,0,28,0.0,9,0
130,130,20200811,SK,SK,0,T,34,30,0,1,4,0,0,0,0,0,0,0,4,0.0,0,8,2,2,16,0.0,4,0
131,131,20200811,LG,HT,0,B,37,36,4,4,9,2,0,1,0,0,0,0,1,0.0,0,11,0,0,15,0.333333333,9,3
132,132,20200811,WO,HH,0,B,56,45,5,5,12,1,0,1,2,0,3,1,7,0.0,1,13,0,0,29,0.307692308,13,4
133,133,20200811,SS,OB,0,B,36,34,1,1,8,0,0,1,0,0,0,0,2,0.0,0,5,1,1,17,0.0,4,0
134,134,20200811,OB,SS,0,T,39,33,6,6,9,1,0,1,0,0,0,0,6,0.0,0,4,2,2,20,0.28571428600000004,14,4
135,135,20200811,HT,LG,0,T,43,35,8,8,11,3,0,0,0,0,1,0,6,0.0,1,3,1,1,19,0.454545455,11,5
136,136,20200811,KT,SK,0,B,38,31,6,6,11,2,0,1,0,0,1,1,6,0.0,0,8,2,2,13,0.333333333,9,3
137,137,20200811,HH,WO,0,T,55,44,7,7,10,1,0,1,0,0,3,1,6,1.0,2,10,0,0,27,0.214285714,14,3
138,138,20200812,HT,LG,0,T,35,29,0,0,2,0,0,0,0,0,0,0,5,0.0,1,14,0,0,13,0.0,6,0
139,139,20200812,KT,SK,0,B,30,27,1,2,2,1,0,0,0,0,0,0,2,0.0,1,3,2,2,8,0.0,4,0
140,140,20200812,HH,WO,0,T,38,34,2,2,4,1,0,1,1,0,0,0,2,0.0,2,8,0,0,9,0.25,4,1
141,141,20200812,NC,LT,0,T,41,35,4,4,9,1,0,0,0,0,1,0,5,0.0,0,8,0,0,24,0.25,8,2
142,142,20200812,SS,OB,0,B,43,42,7,8,16,4,0,2,0,0,0,0,1,0.0,0,6,1,1,20,0.307692308,13,4
143,143,20200812,SK,KT,0,T,46,36,11,11,12,3,0,1,1,0,0,0,9,0.0,1,5,1,1,21,0.35714285700000004,14,5
144,144,20200812,LG,HT,0,B,37,34,8,8,12,5,0,0,1,0,0,0,3,0.0,0,9,2,2,11,0.538461538,13,7
145,145,20200812,LT,NC,0,B,41,33,8,8,13,3,0,1,0,0,2,0,4,0.0,2,4,1,1,22,0.214285714,14,3
146,146,20200812,OB,SS,0,T,50,45,14,15,24,2,0,2,0,0,2,2,3,0.0,0,2,3,3,18,0.473684211,19,9
147,147,20200812,WO,HH,0,B,39,30,3,3,9,2,0,1,1,0,2,1,6,0.0,1,3,3,3,19,0.090909091,11,1
148,148,20200813,KT,SK,0,B,48,36,5,6,10,2,0,1,1,0,1,1,11,0.0,0,17,1,1,34,0.076923077,13,1
149,149,20200813,OB,SS,0,T,39,28,2,2,4,0,0,1,1,0,2,1,9,0.0,0,11,1,1,15,0.0,4,0
150,150,20200813,HT,LG,0,T,33,32,1,2,5,1,0,1,1,0,0,0,1,0.0,0,8,0,0,8,0.2,5,1
151,151,20200813,LT,NC,0,B,33,33,2,2,7,1,0,0,0,0,0,0,0,0.0,0,6,1,1,12,0.25,4,1
152,152,20200813,HH,WO,0,T,39,32,3,3,9,0,0,0,0,0,1,0,5,0.0,1,10,2,2,15,0.25,8,2
153,153,20200813,LG,HT,0,B,35,29,4,4,8,1,0,2,0,0,1,0,4,0.0,1,6,0,0,13,0.166666667,6,1
154,154,20200813,WO,HH,0,B,36,31,6,6,11,1,1,1,1,0,2,0,3,0.0,0,4,1,1,17,0.272727273,11,3
155,155,20200813,NC,LT,0,T,43,39,8,9,14,1,0,1,0,0,0,0,3,0.0,1,7,1,1,19,0.41666666700000005,12,5
156,156,20200813,SK,KT,0,T,47,41,10,10,16,1,0,1,0,0,2,2,4,0.0,0,5,0,0,26,0.3125,16,5
157,157,20200813,SS,OB,0,B,38,33,3,3,9,1,0,2,1,0,0,0,4,0.0,1,5,0,0,18,0.125,8,1
158,158,20200814,WO,LT,0,B,35,32,1,1,5,2,0,0,0,0,0,0,3,0.0,0,7,1,1,16,0.125,8,1
159,159,20200814,HH,SS,0,B,33,30,1,1,4,1,0,0,0,0,0,0,2,0.0,1,8,1,1,10,0.2,5,1
160,160,20200814,NC,LG,0,B,40,36,4,4,8,3,0,0,1,0,0,0,3,0.0,1,13,0,0,14,0.444444444,9,4
161,161,20200814,OB,KT,0,B,53,45,3,3,10,0,0,2,2,0,0,0,8,2.0,0,9,1,1,25,0.0,11,0
162,162,20200814,SK,HT,0,T,43,31,6,6,12,1,0,0,3,0,3,1,8,0.0,1,6,2,2,19,0.333333333,15,5
163,163,20200814,HT,SK,0,B,40,31,6,7,7,2,0,1,0,0,0,0,8,0.0,1,3,0,0,16,0.375,8,3
164,164,20200814,KT,OB,0,T,49,47,4,5,12,3,0,0,2,0,1,0,1,0.0,0,7,0,0,17,0.166666667,12,2
165,165,20200814,LT,WO,0,T,38,31,5,5,11,2,0,0,0,0,2,1,5,1.0,0,6,0,0,22,0.307692308,13,4
166,166,20200814,SS,HH,0,T,44,41,10,10,15,4,0,1,2,0,0,0,3,0.0,0,6,1,1,24,0.38888888899999996,18,7
167,167,20200814,LG,NC,0,T,49,43,10,10,18,2,1,4,0,0,1,0,5,0.0,0,6,1,1,19,0.125,8,1
168,168,20200815,KT,OB,0,T,41,34,4,5,7,2,1,1,1,0,0,0,6,0.0,1,8,0,0,25,0.125,16,2
169,169,20200815,HH,SS,0,B,35,30,0,0,7,0,0,0,1,0,0,0,5,0.0,0,7,1,1,16,0.0,5,0
170,170,20200815,SK,HT,0,T,36,33,3,3,9,2,0,0,0,0,0,0,3,0.0,0,1,2,2,14,0.28571428600000004,7,2
171,171,20200815,NC,LG,0,B,38,34,4,4,10,0,0,2,0,0,1,1,2,0.0,1,13,1,1,16,0.14285714300000002,7,1
172,172,20200815,HT,SK,0,B,44,41,10,10,17,2,1,1,0,0,0,0,3,0.0,0,5,0,0,21,0.46153846200000004,13,6
173,173,20200815,WO,LT,0,T,36,34,3,3,9,4,0,0,0,0,0,0,2,0.0,0,4,1,1,12,0.4,10,4
174,174,20200815,OB,KT,0,B,41,38,7,7,13,1,0,1,3,0,0,0,3,0.0,0,3,1,1,22,0.333333333,15,5
175,175,20200815,LG,NC,0,T,45,40,11,13,15,4,0,2,0,0,1,1,3,0.0,1,9,0,0,18,0.4,15,6
176,176,20200815,LT,WO,0,B,36,35,1,1,7,0,0,0,0,0,0,0,1,0.0,0,6,1,1,21,0.0,6,0
177,177,20200815,SS,HH,0,T,34,29,2,2,3,0,0,1,0,0,1,0,4,0.0,0,11,0,0,9,0.0,4,0
178,178,20200816,LT,WO,0,B,36,30,3,3,6,1,0,0,3,0,1,1,4,0.0,1,5,3,3,12,0.25,8,2
179,179,20200816,SK,HT,0,T,41,34,5,5,7,2,0,0,0,0,0,0,7,0.0,0,13,0,0,19,0.272727273,11,3
180,180,20200816,OB,KT,0,B,35,28,1,1,3,1,0,0,1,0,0,0,6,0.0,1,6,2,2,13,0.111111111,9,1
181,181,20200816,SS,HH,0,T,34,32,2,2,5,1,0,2,1,0,0,0,1,0.0,1,9,0,0,12,0.0,7,0
182,182,20200816,NC,LG,0,B,37,34,5,5,9,5,0,0,0,0,0,0,2,0.0,1,6,2,2,12,0.4,10,4
183,183,20200816,KT,OB,0,T,41,35,4,4,11,5,0,0,1,0,3,1,3,0.0,0,5,1,1,16,0.2,10,2
184,184,20200816,LG,NC,0,T,41,32,6,6,7,0,0,2,0,0,1,0,8,0.0,0,3,1,1,18,0.25,8,2
185,185,20200816,WO,LT,0,T,41,35,5,6,9,5,0,1,1,0,1,1,2,0.0,3,4,0,0,15,0.23076923100000002,13,3
186,186,20200816,HH,SS,0,B,31,26,3,3,2,1,0,0,0,0,0,0,4,0.0,1,4,1,1,9,0.25,4,1
187,187,20200816,HT,SK,0,B,41,38,7,8,15,2,0,1,0,0,0,0,3,0.0,0,10,0,0,17,0.46153846200000004,13,6
188,188,20200818,LT,OB,0,B,36,34,2,2,6,0,1,1,0,0,0,0,2,0.0,0,7,0,0,15,0.0,7,0
189,189,20200818,HH,SK,0,T,43,32,3,3,6,2,0,0,0,0,0,0,7,0.0,4,16,0,0,32,0.235294118,17,4
190,190,20200818,SS,KT,0,B,37,32,2,3,6,3,0,0,0,0,1,1,3,0.0,1,6,1,1,16,0.222222222,9,2
191,191,20200818,WO,NC,0,T,35,34,1,1,7,0,0,0,1,0,0,0,0,0.0,1,6,0,0,14,0.333333333,3,1
192,192,20200818,HT,LG,0,T,46,40,5,5,11,2,0,0,0,0,1,0,5,0.0,0,8,0,0,20,0.333333333,9,3
193,193,20200818,NC,WO,0,B,32,27,5,5,7,3,0,1,0,0,2,1,2,0.0,1,4,1,1,8,0.6,5,3
194,194,20200818,KT,SS,0,T,42,33,5,6,9,1,0,1,0,0,1,1,8,0.0,0,7,0,0,16,0.3,10,3
195,195,20200818,LG,HT,0,B,40,37,6,6,12,1,0,2,1,0,1,1,2,0.0,0,13,2,2,16,0.4,5,2
196,196,20200818,OB,LT,0,T,50,43,7,9,16,2,0,0,1,0,1,1,3,0.0,2,10,0,0,32,0.25,16,4
197,197,20200818,SK,HH,0,B,40,31,8,9,8,2,0,2,0,0,2,1,5,0.0,2,4,0,0,16,0.222222222,9,2
198,198,20200819,HH,SK,0,T,43,40,5,6,12,2,0,2,0,0,0,0,3,0.0,0,8,0,0,29,0.2,15,3
199,199,20200819,NC,WO,0,B,40,36,4,4,7,1,0,1,0,0,0,0,4,0.0,0,7,0,0,20,0.111111111,9,1
200,200,20200819,OB,LT,0,T,33,28,3,3,6,0,0,1,0,0,0,0,4,0.0,1,6,3,3,11,0.166666667,6,1
201,201,20200819,HT,LG,0,T,36,34,1,1,8,0,0,0,0,0,0,0,2,0.0,0,9,1,1,18,0.2,5,1
202,202,20200819,SS,KT,0,B,38,34,4,4,11,0,0,0,0,0,2,2,2,0.0,0,7,3,3,13,0.4,5,2
203,203,20200819,SK,HH,0,B,57,46,26,26,22,4,0,6,0,0,0,0,10,0.0,1,4,0,0,28,0.5,22,11
204,204,20200819,WO,NC,0,T,40,35,6,6,8,3,0,1,1,0,0,0,3,0.0,2,5,1,1,18,0.3,10,3
205,205,20200819,LT,LT,0,B,35,31,6,7,10,3,0,0,4,0,3,1,1,0.0,0,3,1,1,10,0.4,10,4
206,206,20200819,LG,HT,0,B,45,34,9,10,12,2,2,1,1,0,1,1,9,0.0,1,3,2,2,24,0.375,16,6
207,207,20200819,KT,SS,0,T,37,31,6,6,6,1,0,1,0,0,1,1,4,0.0,1,8,1,1,8,0.333333333,6,2
208,208,20200820,HH,KT,0,B,34,29,0,0,2,0,0,0,0,0,0,0,5,0.0,0,9,0,0,16,0.0,6,0
209,209,20200820,HT,NC,0,B,39,33,1,2,5,0,0,0,0,0,0,0,5,0.0,1,10,0,0,15,0.25,4,1
210,210,20200820,LG,WO,0,T,38,36,5,5,9,1,0,1,1,0,0,0,2,0.0,0,9,1,1,16,0.25,12,3
211,211,20200820,SK,SS,0,B,40,35,3,3,11,0,0,2,0,0,1,1,4,0.0,0,6,2,2,19,0.0,6,0
212,212,20200820,OB,LT,0,B,43,40,5,5,14,4,0,0,0,0,0,0,3,0.0,0,10,1,1,20,0.23076923100000002,13,3
213,213,20200820,SS,SK,0,T,42,35,7,8,9,2,0,0,2,0,1,0,6,0.0,0,9,1,1,18,0.5555555560000001,9,5
214,214,20200820,WO,LG,0,B,39,31,6,6,8,2,0,0,2,0,1,1,6,0.0,1,6,1,1,20,0.333333333,12,4
215,215,20200820,LT,OB,0,T,44,36,6,6,11,2,1,1,2,0,1,0,7,1.0,0,7,1,1,23,0.2,15,3
216,216,20200820,NC,HT,0,T,51,45,13,14,21,3,0,1,3,0,2,1,3,0.0,0,6,0,0,17,0.578947368,19,11
217,217,20200820,KT,HH,0,T,36,31,3,3,6,0,0,1,3,0,1,0,4,1.0,0,5,1,1,14,0.111111111,9,1
218,218,20200821,LT,OB,0,T,33,31,0,0,3,1,0,0,2,0,0,0,2,1.0,0,8,0,0,13,0.0,9,0
219,219,20200821,WO,LG,0,B,36,33,3,3,6,0,0,1,1,0,0,0,2,0.0,1,6,0,0,13,0.166666667,6,1
220,220,20200821,HT,NC,0,B,38,34,4,4,9,0,0,2,1,0,1,0,2,0.0,1,5,0,0,9,0.333333333,6,2
221,221,20200821,SS,SK,0,T,47,37,6,6,11,1,1,2,0,0,1,1,8,0.0,1,8,1,1,32,0.133333333,15,2
222,222,20200821,KT,HH,0,T,35,30,1,1,4,0,0,1,0,0,0,0,4,0.0,1,12,1,1,11,0.25,4,1
223,223,20200821,NC,HT,0,T,43,38,7,10,10,5,0,1,0,0,1,0,4,0.0,0,10,0,0,15,0.333333333,12,4
224,224,20200821,LG,WO,0,T,42,36,7,7,10,2,1,2,1,0,0,0,6,0.0,0,6,0,0,15,0.333333333,12,4
225,225,20200821,HH,KT,0,B,37,35,5,5,11,2,0,1,0,0,0,0,2,0.0,0,6,1,1,18,0.4,10,4
226,226,20200821,SK,SS,0,B,43,32,8,8,12,2,0,0,0,0,2,1,5,1.0,3,2,0,0,21,0.272727273,11,3
227,227,20200821,OB,LT,0,B,36,31,1,1,5,0,0,0,0,0,1,0,4,1.0,0,6,0,0,16,0.14285714300000002,7,1
228,228,20200822,LT,SS,0,T,42,39,4,5,13,2,0,1,1,0,1,0,2,0.0,0,5,0,0,22,0.28571428600000004,14,4
229,229,20200822,WO,HT,0,B,37,32,4,4,10,1,0,1,1,0,0,0,5,0.0,0,6,2,2,21,0.25,8,2
230,230,20200822,OB,SK,0,T,44,39,6,8,12,1,0,2,2,0,0,0,4,0.0,1,9,0,0,18,0.25,12,3
231,231,20200822,SS,LT,0,B,38,35,3,3,10,1,0,0,3,0,1,1,2,0.0,0,5,1,1,12,0.25,8,2
232,232,20200822,SK,OB,0,B,41,36,1,1,9,2,0,1,0,0,0,0,5,0.0,0,7,0,0,17,0.125,8,1
233,233,20200822,HT,WO,0,T,37,34,3,3,7,0,0,0,2,0,0,0,3,0.0,0,10,0,0,17,0.3,10,3
234,234,20200823,SK,OB,0,B,40,34,1,1,9,1,1,0,0,0,1,1,4,0.0,1,7,0,0,19,0.0,6,0
235,235,20200823,SS,LT,0,B,35,31,0,0,4,0,0,0,0,0,0,0,4,0.0,0,7,0,0,17,0.0,5,0
236,236,20200823,LG,HH,0,B,37,30,3,3,6,1,0,0,0,0,0,0,6,1.0,1,8,3,3,14,0.428571429,7,3
237,237,20200823,NC,KT,0,T,40,35,1,1,9,2,0,0,0,0,0,0,4,0.0,1,7,1,1,16,0.166666667,6,1
238,238,20200823,WO,HT,0,B,41,37,5,7,13,2,1,0,1,0,1,0,3,0.0,0,9,1,1,17,0.28571428600000004,14,4
239,239,20200823,OB,SK,0,T,45,35,8,8,9,0,0,3,3,0,1,0,7,0.0,2,4,0,0,20,0.363636364,11,4
240,240,20200823,HH,LG,0,T,36,31,4,4,6,1,0,1,0,0,1,1,4,0.0,0,6,0,0,11,0.25,4,1
241,241,20200823,LT,SS,0,T,43,37,10,11,10,2,0,3,1,0,0,0,6,0.0,0,7,0,0,11,0.333333333,9,3
242,242,20200823,HT,WO,0,T,41,36,8,8,11,0,0,3,0,0,2,1,2,0.0,1,9,0,0,9,0.625,8,5
243,243,20200823,KT,NC,0,B,42,34,10,10,13,2,0,3,0,0,0,0,8,0.0,0,6,1,1,16,0.444444444,9,4
244,244,20200824,KT,NC,0,B,41,37,8,8,14,1,0,1,1,0,0,0,4,0.0,0,9,0,0,20,0.28571428600000004,14,4
245,245,20200824,HH,LG,0,T,46,38,5,6,14,1,2,0,0,0,4,2,3,0.0,0,7,0,0,23,0.25,16,4
246,246,20200824,NC,KT,0,T,37,34,1,1,8,0,0,0,1,0,0,0,2,0.0,1,4,1,1,17,0.14285714300000002,7,1
247,247,20200824,LG,HH,0,B,37,32,3,3,5,1,0,0,1,0,0,0,4,0.0,1,6,1,1,14,0.125,8,1
248,248,20200825,KT,WO,0,B,33,32,1,1,5,2,0,0,0,0,0,0,1,0.0,0,7,0,0,10,0.2,5,1
249,249,20200825,HT,OB,0,T,45,34,8,8,9,2,0,1,2,0,0,0,9,0.0,2,5,2,2,20,0.166666667,12,2
250,250,20200825,LT,SK,0,B,43,38,8,8,11,1,0,1,0,0,1,1,4,0.0,0,6,1,1,20,0.25,8,2
251,251,20200825,HH,NC,0,T,43,37,3,3,11,1,1,0,0,0,0,0,4,0.0,2,9,1,1,24,0.153846154,13,2
252,252,20200825,LG,SS,0,T,40,33,3,3,7,1,0,1,1,0,0,0,4,0.0,3,8,0,0,16,0.25,8,2
253,253,20200825,WO,KT,0,T,44,36,3,4,10,0,0,0,2,0,0,0,6,1.0,1,6,0,0,29,0.153846154,13,2
254,254,20200825,SK,LT,0,T,46,37,10,10,11,3,0,2,1,0,0,0,7,0.0,2,3,1,1,20,0.333333333,15,5
255,255,20200825,NC,HH,0,B,40,38,11,11,15,3,0,6,1,0,0,0,2,0.0,0,7,0,0,11,0.25,8,2
256,256,20200825,OB,HT,0,B,43,37,10,10,15,1,0,3,0,0,1,0,5,0.0,0,2,1,1,16,0.25,8,2
257,257,20200825,SS,LG,0,B,31,31,4,4,7,1,0,2,0,0,0,0,0,0.0,0,4,0,0,8,0.0,4,0
258,258,20200826,SK,LT,0,T,31,29,1,1,4,0,0,1,1,0,0,0,2,0.0,0,7,2,2,5,0.0,1,0
259,259,20200826,HH,NC,0,T,39,34,5,5,7,1,0,1,0,0,0,0,2,0.0,3,8,2,2,18,0.25,12,3
260,260,20200826,WO,KT,0,T,40,36,5,5,8,0,1,2,1,0,1,0,3,0.0,0,6,1,1,12,0.333333333,6,2
261,261,20200826,SS,LG,0,B,37,35,5,5,9,0,0,1,0,0,0,0,1,0.0,1,6,1,1,14,0.375,8,3
262,262,20200826,OB,HT,0,B,43,35,5,5,11,1,0,1,0,0,2,2,6,0.0,0,8,1,1,28,0.166666667,12,2
263,263,20200826,LT,SK,0,B,37,28,3,3,4,0,0,0,0,0,0,0,8,0.0,1,4,0,0,14,0.28571428600000004,7,2
264,264,20200826,LG,SS,0,T,39,36,8,8,10,1,0,4,0,0,0,0,3,0.0,0,7,0,0,9,0.25,4,1
265,265,20200826,NC,HH,0,B,40,36,9,9,11,2,0,2,1,0,0,0,3,0.0,1,6,1,1,18,0.363636364,11,4
266,266,20200826,HT,OB,0,T,46,41,7,7,15,1,0,1,0,0,1,0,4,0.0,0,5,0,0,22,0.25,12,3
267,267,20200826,KT,WO,0,B,44,36,5,6,10,2,0,1,1,0,1,0,7,0.0,0,6,2,2,21,0.3,10,3
268,268,20200827,LT,WO,0,B,43,36,5,6,12,2,0,0,0,0,1,1,5,0.0,1,5,2,2,23,0.3,10,3
269,269,20200827,KT,LG,0,T,35,29,0,0,2,1,0,0,0,0,0,0,4,0.0,2,5,0,0,18,0.0,8,0
270,270,20200827,HT,SK,0,T,37,33,3,4,8,2,0,0,0,0,1,0,2,0.0,1,12,0,0,16,0.333333333,9,3
271,271,20200827,SS,HH,0,T,33,32,0,0,8,0,0,0,1,0,0,0,0,0.0,1,6,1,1,18,0.14285714300000002,7,1
272,272,20200827,OB,NC,0,T,39,37,2,2,13,6,0,0,0,0,0,0,2,0.0,0,4,1,1,25,0.235294118,17,4
273,273,20200827,SK,HT,0,B,42,36,10,10,14,4,0,2,1,0,3,1,2,0.0,1,6,0,0,16,0.333333333,12,4
274,274,20200827,HH,SS,0,B,38,33,7,7,11,1,1,0,0,0,1,0,4,0.0,0,3,1,1,18,0.333333333,12,4
275,275,20200827,NC,OB,0,B,40,35,7,8,13,2,1,1,0,0,0,0,4,0.0,1,9,1,1,14,0.454545455,11,5
276,276,20200827,WO,LT,0,T,45,40,11,11,15,5,0,3,2,0,1,0,3,0.0,1,2,2,2,17,0.333333333,15,5
277,277,20200827,LG,KT,0,B,31,29,1,2,6,0,1,0,1,0,0,0,2,0.0,0,7,1,1,13,0.166666667,6,1
278,278,20200828,NC,OB,0,B,39,35,3,4,10,1,1,1,0,0,0,0,4,0.0,0,4,1,1,14,0.428571429,7,3
279,279,20200828,LT,WO,0,B,40,37,4,4,12,2,0,2,2,0,0,0,2,0.0,1,3,1,1,18,0.28571428600000004,7,2
280,280,20200828,SK,HT,0,B,44,33,7,8,11,2,2,1,0,0,2,0,6,0.0,3,10,2,2,21,0.384615385,13,5
281,281,20200828,KT,LG,0,T,40,36,5,5,5,1,0,2,1,0,0,0,3,0.0,1,13,1,1,8,0.4,5,2
282,282,20200828,WO,LT,0,T,44,36,7,8,11,3,0,2,5,0,1,1,7,1.0,0,7,0,0,18,0.307692308,13,4
283,283,20200828,HT,SK,0,T,45,39,11,11,13,0,0,4,0,0,2,0,4,0.0,0,8,0,0,20,0.214285714,14,3
284,284,20200828,OB,NC,0,T,52,46,11,11,18,1,0,4,0,0,0,0,4,0.0,2,4,0,0,30,0.235294118,17,4
285,285,20200828,LG,KT,0,B,47,40,5,6,12,3,0,0,0,0,2,1,4,1.0,1,6,2,2,21,0.46153846200000004,13,6
286,286,20200829,LT,HH,0,B,40,33,9,9,11,3,0,4,1,0,1,1,6,0.0,0,5,1,1,12,0.166666667,6,1
287,287,20200829,SS,WO,0,T,40,37,5,5,10,2,0,0,1,0,1,0,2,0.0,0,10,0,0,15,0.4,10,4
288,288,20200829,HH,HH,0,T,40,38,6,7,11,0,1,2,0,0,0,0,2,0.0,0,13,0,0,14,0.5,4,2
289,289,20200829,WO,SS,0,B,35,30,4,4,8,2,0,0,0,0,2,1,3,0.0,0,3,3,3,11,0.428571429,7,3
290,290,20200829,SK,NC,0,T,37,35,5,5,9,0,0,2,0,0,0,0,2,0.0,0,5,1,1,12,0.166666667,6,1
291,291,20200829,OB,LG,0,T,38,35,5,5,11,3,0,1,2,0,0,0,3,0.0,0,3,0,0,15,0.166666667,12,2
292,292,20200829,LG,OB,0,B,37,36,5,5,10,2,0,2,0,0,0,0,1,0.0,0,13,0,0,20,0.25,12,3
293,293,20200829,NC,SK,0,B,39,35,8,9,14,3,0,2,1,0,0,0,3,1.0,1,4,1,1,13,0.3,10,3
294,294,20200830,SK,NC,0,T,37,33,4,4,7,1,0,3,0,0,1,0,3,0.0,0,7,0,0,12,0.0,4,0
295,295,20200830,HT,KT,1,B,38,34,7,7,10,2,0,1,1,0,0,0,4,0.0,0,1,1,1,15,0.35714285700000004,14,5
296,296,20200830,KT,HT,1,T,41,37,4,5,10,1,1,1,1,0,0,1,3,0.0,0,10,0,0,16,0.25,8,2
297,297,20200830,HH,LT,0,T,35,33,2,2,6,1,0,0,1,0,0,0,2,0.0,0,6,0,0,11,0.2,5,1
298,298,20200830,OB,LG,0,T,32,31,1,1,7,1,0,0,0,0,0,0,0,0.0,1,5,2,2,11,0.14285714300000002,7,1
299,299,20200830,NC,SK,0,B,38,28,6,7,7,2,1,0,0,0,2,1,7,1.0,1,5,0,0,13,0.571428571,7,4
300,300,20200830,KT,HT,1,T,46,34,8,8,7,2,0,1,0,1,1,0,11,0.0,0,7,0,0,22,0.444444444,9,4
301,301,20200830,WO,SS,0,B,37,34,3,3,11,1,1,0,3,0,0,0,3,0.0,0,4,1,1,21,0.083333333,12,1
302,302,20200830,SS,WO,0,T,37,34,2,2,10,0,0,0,2,0,2,1,1,0.0,0,5,1,1,13,0.25,8,2
303,303,20200830,HT,KT,1,B,40,33,5,5,10,1,0,0,0,0,2,1,3,0.0,1,8,1,1,16,0.25,12,3
304,304,20200830,LG,OB,0,B,37,30,4,4,8,2,0,1,2,0,1,0,6,1.0,0,6,1,1,20,0.25,12,3
305,305,20200830,LT,HH,0,B,37,34,5,6,10,3,0,0,2,0,0,0,3,0.0,0,6,1,1,19,0.333333333,12,4
306,306,20200901,OB,HH,0,B,36,33,4,4,10,2,0,0,1,0,1,1,2,0.0,0,5,1,1,17,0.363636364,11,4
307,307,20200901,HT,SS,0,B,40,31,6,6,9,2,0,1,0,0,0,0,9,0.0,0,9,0,0,20,0.25,12,3
308,308,20200901,LG,SK,0,T,49,38,12,13,11,3,0,3,0,0,2,1,8,1.0,1,10,0,0,20,0.333333333,12,4
309,309,20200901,SK,LG,0,B,42,35,5,5,10,0,0,0,1,0,1,1,6,1.0,0,8,1,1,18,0.41666666700000005,12,5
310,310,20200901,LT,KT,0,T,35,29,2,2,6,1,0,0,0,0,0,0,6,0.0,0,3,2,2,12,0.25,8,2
311,311,20200901,WO,NC,0,B,35,33,2,2,6,2,0,0,0,0,0,0,2,0.0,0,7,0,0,16,0.2,5,1
312,312,20200901,SS,HT,0,T,31,30,0,0,4,0,0,0,0,0,0,0,1,0.0,0,5,2,2,8,0.0,1,0
313,313,20200901,HH,OB,0,T,29,29,0,0,3,0,0,0,0,0,0,0,0,0.0,0,9,1,1,5,0.0,0,0
314,314,20200901,NC,WO,0,T,38,32,5,5,10,2,0,1,0,0,2,2,4,0.0,0,10,1,1,12,0.14285714300000002,7,1
315,315,20200901,KT,LT,0,B,41,37,10,11,14,2,0,2,2,0,1,0,3,0.0,0,7,1,1,17,0.41666666700000005,12,5
316,316,20200902,WO,NC,0,B,41,31,6,6,7,2,0,0,1,0,0,0,7,0.0,3,7,0,0,24,0.384615385,13,5
317,317,20200902,NC,WO,0,T,38,34,4,4,9,3,0,1,0,0,0,0,2,0.0,2,5,2,2,15,0.428571429,7,3
318,318,20200903,LT,HT,0,B,33,30,3,3,5,2,0,0,1,0,0,0,2,0.0,1,6,1,1,6,0.5,4,2
319,319,20200903,SK,KT,0,T,37,32,2,2,8,1,0,0,1,0,0,0,5,0.0,0,2,2,2,19,0.222222222,9,2
320,320,20200903,OB,SS,0,T,41,38,8,10,10,3,1,3,1,0,0,0,3,0.0,0,4,1,1,15,0.181818182,11,2
321,321,20200903,WO,HH,0,T,40,34,6,6,9,0,0,1,2,0,1,1,5,0.0,0,8,0,0,9,0.428571429,7,3
322,322,20200903,NC,LG,0,T,43,40,4,5,16,2,0,0,3,0,0,0,2,0.0,1,11,2,2,26,0.28571428600000004,14,4
323,323,20200903,HT,LT,0,T,38,36,4,4,10,1,0,2,0,0,1,0,1,0.0,0,7,0,0,11,0.25,8,2
324,324,20200903,KT,SK,0,B,38,34,6,6,12,3,0,0,1,0,0,0,4,0.0,0,6,1,1,19,0.4,15,6
325,325,20200903,SS,OB,0,B,41,35,11,11,16,4,1,1,1,0,2,1,4,0.0,0,6,2,2,12,0.583333333,12,7
326,326,20200903,HH,WO,0,B,44,38,3,5,11,2,0,1,0,0,0,0,4,0.0,2,8,0,0,25,0.153846154,13,2
327,327,20200903,LG,NC,0,B,35,32,6,6,9,1,0,1,0,0,1,0,2,0.0,0,8,2,2,16,0.333333333,9,3
328,328,20200904,HT,LT,1,T,40,34,5,6,8,3,0,1,0,0,2,0,3,0.0,1,7,1,1,21,0.2,10,2
329,329,20200904,LT,HT,1,B,38,34,7,9,14,0,0,2,1,0,0,1,2,0.0,1,4,1,1,19,0.333333333,12,4
330,330,20200904,HT,LT,1,T,40,37,7,7,10,2,0,1,1,0,0,0,3,0.0,0,11,1,1,14,0.444444444,9,4
331,331,20200904,KT,SK,1,B,38,35,9,10,13,3,0,3,2,2,0,0,3,0.0,0,3,0,0,12,0.2,10,2
332,332,20200904,SK,KT,1,T,36,34,5,5,10,2,0,2,1,1,1,1,0,0.0,0,0,0,0,6,0.4,5,2
333,333,20200904,SK,KT,1,T,35,32,2,2,5,0,0,1,0,0,0,0,2,0.0,1,2,0,0,8,0.5,2,1
334,334,20200904,KT,SK,1,B,43,33,7,7,9,2,0,2,0,0,0,1,9,0.0,0,3,1,1,19,0.23076923100000002,13,3
335,335,20200904,LT,HT,1,B,36,29,3,3,5,0,0,0,0,0,0,1,5,0.0,1,10,2,2,14,0.0,3,0
336,336,20200904,SS,OB,0,B,48,37,12,12,16,3,0,2,1,0,2,2,9,0.0,0,3,2,2,21,0.38888888899999996,18,7
337,337,20200904,HH,WO,0,B,40,30,7,7,10,1,0,0,0,0,3,0,7,0.0,0,7,0,0,15,0.454545455,11,5
338,338,20200904,OB,SS,0,T,38,32,4,5,8,1,0,0,0,0,1,1,5,0.0,0,12,2,2,16,0.333333333,6,2
339,339,20200904,WO,HH,0,T,36,32,1,1,6,1,0,0,2,0,0,0,4,0.0,0,8,0,0,17,0.1,10,1
340,340,20200904,LG,NC,0,B,57,46,5,5,13,3,1,0,2,0,2,0,8,1.0,1,14,0,0,31,0.166666667,18,3
341,341,20200904,NC,LG,0,T,55,46,5,5,13,1,0,0,3,0,2,1,4,1.0,3,15,0,0,24,0.41666666700000005,12,5
342,342,20200905,HT,HH,0,T,44,36,5,5,13,4,0,0,0,0,1,0,6,0.0,0,5,1,1,26,0.23076923100000002,13,3
343,343,20200905,KT,WO,0,T,44,37,8,8,11,1,0,2,0,0,1,0,5,0.0,1,8,0,0,20,0.333333333,12,4
344,344,20200905,OB,SK,0,B,38,29,5,5,6,1,0,0,0,1,0,0,9,0.0,0,5,0,0,21,0.222222222,9,2
345,345,20200905,HH,HT,0,B,37,33,4,4,8,2,0,1,0,0,1,1,3,0.0,0,11,1,1,16,0.0,7,0
346,346,20200905,WO,KT,0,B,32,32,1,1,5,1,0,0,0,0,0,0,0,0.0,0,7,0,0,10,0.2,5,1
347,347,20200905,SK,OB,0,T,32,30,1,1,5,0,0,1,0,0,0,0,1,0.0,1,7,1,1,7,0.0,0,0
348,348,20200906,SK,OB,0,T,33,31,0,0,3,0,0,0,0,0,0,0,2,0.0,0,7,0,0,15,0.25,4,1
349,349,20200906,LT,LG,0,B,33,29,1,1,3,1,0,0,0,0,0,0,4,0.0,0,4,1,1,9,0.333333333,3,1
350,350,20200906,NC,-99,0,-99,33,31,3,3,5,0,0,1,0,0,0,0,2,0.0,0,10,1,1,-99,1.0,-99,-99
351,351,20200906,WO,KT,0,B,38,34,7,7,9,2,0,2,0,0,0,0,3,0.0,1,10,1,1,13,0.428571429,7,3
352,352,20200906,HH,HT,0,B,36,36,4,4,10,1,0,2,0,0,0,0,0,0.0,0,13,0,0,9,0.25,4,1
353,353,20200906,HT,HH,0,T,41,35,8,8,10,5,0,1,0,0,2,1,3,0.0,1,9,0,0,11,0.363636364,11,4
354,354,20200906,KT,WO,0,T,45,38,7,8,12,2,0,0,0,0,1,1,4,1.0,1,6,1,1,19,0.46153846200000004,13,6
355,355,20200906,LG,LT,0,T,44,42,6,7,14,4,0,2,0,0,1,0,1,1.0,0,8,0,0,19,0.222222222,9,2
356,356,20200906,OB,SK,0,B,43,38,10,10,14,2,0,2,0,0,0,0,5,0.0,0,3,0,0,16,0.444444444,9,4
357,357,20200907,LT,LG,0,B,45,39,12,12,16,6,0,2,0,0,0,0,5,0.0,1,4,1,1,21,0.533333333,15,8
358,358,20200907,LG,LT,0,T,43,40,5,6,16,2,0,1,0,0,0,0,3,0.0,0,9,2,2,18,0.454545455,11,5
359,359,20200908,SK,WO,0,B,51,45,12,15,16,4,0,3,0,0,1,0,4,0.0,1,8,0,0,27,0.4,15,6
360,360,20200908,NC,LT,0,B,46,42,14,14,17,5,0,0,0,0,0,0,3,0.0,1,6,0,0,21,0.55,20,11
361,361,20200908,WO,SK,0,T,49,43,15,16,17,4,0,5,0,0,0,0,6,0.0,0,7,1,1,14,0.6,10,6
362,362,20200908,OB,KT,0,B,39,36,6,8,12,7,0,1,0,0,0,0,3,0.0,0,5,0,0,14,0.272727273,11,3
363,363,20200908,HH,SS,0,T,43,36,4,4,10,2,0,0,0,0,4,2,3,0.0,0,9,0,0,12,0.25,4,1
364,364,20200908,HT,LG,0,B,34,31,3,3,7,4,0,0,0,0,0,0,3,1.0,0,5,1,1,16,0.222222222,9,2
365,365,20200908,LG,HT,0,T,43,35,2,2,11,3,1,0,0,0,0,0,6,0.0,2,3,2,2,23,0.181818182,11,2
366,366,20200908,SS,HH,0,B,40,36,2,2,7,1,0,0,2,0,1,0,3,0.0,0,6,0,0,14,0.14285714300000002,7,1
367,367,20200908,LT,NC,0,T,38,33,2,2,6,1,0,0,1,0,0,0,5,0.0,0,6,0,0,22,0.222222222,9,2
368,368,20200908,KT,OB,0,T,38,33,0,0,6,1,0,0,0,0,0,0,5,0.0,0,7,0,0,20,0.0,5,0
369,369,20200909,NC,LT,0,B,47,42,5,5,11,4,1,1,1,0,0,0,5,1.0,0,9,1,1,24,0.133333333,15,2
370,370,20200909,LT,NC,0,T,48,36,7,7,8,3,0,0,0,0,2,0,8,0.0,2,7,0,0,22,0.2,15,3
371,371,20200909,HH,SS,1,T,43,37,7,7,12,1,0,1,0,0,0,0,4,0.0,2,10,1,1,21,0.4,10,4
372,372,20200909,SS,HH,1,B,35,31,0,0,3,0,0,0,0,0,0,0,4,0.0,0,4,0,0,18,0.0,4,0
373,373,20200909,KT,OB,0,T,43,38,4,4,5,0,0,1,1,0,1,0,4,0.0,0,13,0,0,16,0.2,5,1
374,374,20200909,WO,SK,0,T,53,35,10,13,11,2,0,1,3,0,2,2,16,0.0,0,5,3,3,28,0.26666666699999997,15,4
375,375,20200909,OB,KT,0,B,46,41,2,2,10,2,0,0,1,0,2,1,3,0.0,0,6,0,0,20,0.14285714300000002,7,1
376,376,20200909,SK,WO,0,B,37,35,4,4,9,1,0,2,0,0,0,0,2,0.0,0,3,2,2,13,0.25,4,1
377,377,20200910,HH,SK,0,B,34,30,1,1,5,0,0,0,0,0,0,0,3,0.0,1,9,2,2,15,0.166666667,6,1
378,378,20200910,HT,OB,0,B,36,32,4,4,7,0,1,1,0,0,0,0,4,0.0,0,7,0,0,10,0.28571428600000004,7,2
379,379,20200910,KT,NC,0,T,37,32,8,8,8,0,1,4,0,0,1,1,1,0.0,3,7,1,1,5,0.333333333,3,1
380,380,20200910,SS,LT,0,T,41,37,7,8,10,5,0,0,0,0,1,0,3,0.0,0,6,0,0,18,0.235294118,17,4
381,381,20200910,SK,HH,0,T,41,36,5,5,9,1,0,1,1,0,0,0,4,0.0,1,5,0,0,16,0.3,10,3
382,382,20200910,OB,HT,0,T,42,36,5,5,9,0,0,0,2,0,0,0,6,0.0,0,9,0,0,22,0.35714285700000004,14,5
383,383,20200910,LG,WO,0,B,40,35,6,6,10,2,0,1,0,0,0,0,5,0.0,0,7,0,0,23,0.3,10,3
384,384,20200910,NC,KT,0,B,46,36,12,13,13,3,0,3,0,0,1,1,8,0.0,1,4,0,0,18,0.454545455,11,5
385,385,20200910,LT,SS,0,B,50,45,12,13,21,3,0,2,0,0,0,0,5,0.0,0,6,0,0,29,0.36842105299999994,19,7
386,386,20200910,WO,LG,0,T,36,32,1,1,6,1,0,1,0,0,1,0,3,0.0,0,7,0,0,16,0.0,8,0
387,387,20200911,NC,KT,0,B,40,37,8,9,13,4,0,3,2,0,0,0,3,0.0,0,7,0,0,13,0.384615385,13,5
388,388,20200911,LT,SS,0,B,45,37,12,12,14,2,0,1,0,0,0,0,8,0.0,0,8,1,1,23,0.470588235,17,8
389,389,20200911,WO,LG,0,T,41,38,8,8,13,3,1,0,1,0,1,0,0,0.0,2,4,1,1,17,0.41666666700000005,12,5
390,390,20200911,SK,HH,0,T,36,33,3,4,8,3,0,0,0,0,1,1,2,0.0,0,5,0,0,19,0.125,8,1
391,391,20200911,LG,WO,0,B,38,33,2,2,8,1,0,0,1,0,2,2,3,0.0,0,11,0,0,16,0.2,5,1
392,392,20200911,SS,LT,0,T,38,36,4,4,8,0,0,2,0,0,1,1,1,0.0,0,9,0,0,13,0.0,5,0
393,393,20200911,KT,NC,0,T,38,31,1,1,6,0,1,1,0,0,1,0,5,0.0,1,10,1,1,22,0.0,7,0
394,394,20200911,HH,SK,0,B,38,34,3,3,6,1,0,0,0,0,0,0,4,0.0,0,12,1,1,19,0.125,8,1
395,395,20200912,LG,SS,0,B,30,29,1,1,2,0,0,1,1,0,0,0,1,0.0,0,6,0,0,2,0.0,1,0
396,396,20200912,HT,NC,0,T,48,40,10,11,14,5,0,2,0,0,0,0,6,0.0,2,2,0,0,19,0.35714285700000004,14,5
397,397,20200912,WO,OB,0,B,36,31,2,2,9,2,0,0,0,0,1,0,3,0.0,1,6,0,0,18,0.25,8,2
398,398,20200912,KT,HH,0,B,38,31,5,5,9,1,0,0,3,0,1,1,5,0.0,1,3,0,0,20,0.28571428600000004,14,4
399,399,20200912,NC,HT,0,B,35,32,3,3,6,1,0,1,1,0,0,0,3,0.0,0,7,0,0,10,0.166666667,6,1
400,400,20200912,SS,LG,0,T,36,32,5,5,7,0,1,2,1,0,0,0,4,0.0,0,8,1,1,7,0.25,4,1
401,401,20200912,SK,LT,0,B,32,29,1,2,5,1,0,0,0,0,0,0,3,0.0,0,2,1,1,12,0.166666667,6,1
402,402,20200912,HH,KT,0,T,36,35,2,2,7,0,0,0,1,0,0,0,1,0.0,0,10,0,0,14,0.2,5,1
403,403,20200912,LT,SK,0,T,36,30,1,1,6,0,0,0,0,0,1,1,5,0.0,0,6,1,1,15,0.0,6,0
404,404,20200912,OB,WO,0,T,31,29,0,0,4,1,0,0,0,0,0,0,2,0.0,0,8,2,2,10,0.0,4,0
405,405,20200913,OB,WO,0,T,56,48,6,6,15,2,0,0,0,0,1,1,7,0.0,0,7,0,0,29,0.166666667,12,2
406,406,20200913,LG,SS,0,B,32,31,0,0,4,1,0,0,0,0,0,0,1,0.0,0,10,0,0,8,0.0,2,0
407,407,20200913,SS,LG,0,T,51,42,9,11,18,1,1,1,2,0,4,2,5,0.0,0,5,0,0,22,0.3125,16,5
408,408,20200913,KT,HH,0,B,39,33,5,5,12,1,0,0,0,0,3,2,3,0.0,0,11,2,2,17,0.25,8,2
409,409,20200913,HT,NC,0,T,38,33,4,4,10,1,0,0,0,0,2,1,3,0.0,0,5,1,1,14,0.5,6,3
410,410,20200913,SK,LT,0,B,29,27,3,3,4,0,0,2,1,0,0,0,1,0.0,1,5,1,1,4,0.0,2,0
411,411,20200913,NC,HT,0,B,41,32,3,3,8,0,0,0,3,0,3,1,4,0.0,2,6,0,0,21,0.090909091,11,1
412,412,20200913,HH,KT,0,T,39,30,4,4,6,1,0,0,2,0,2,1,5,0.0,2,6,0,0,13,0.333333333,9,3
413,413,20200913,LT,SK,0,T,36,29,1,1,5,0,0,0,0,0,1,1,5,0.0,1,1,2,2,15,0.0,4,0
414,414,20200913,WO,OB,0,B,60,49,6,6,13,1,0,0,2,0,0,0,10,1.0,1,15,0,0,36,0.27777777800000003,18,5
415,415,20200915,WO,LT,0,B,46,38,5,5,11,1,0,0,0,0,0,0,7,0.0,1,7,1,1,30,0.117647059,17,2
416,416,20200915,SK,HT,0,T,52,40,16,16,17,1,0,2,3,0,2,1,9,0.0,1,5,3,3,30,0.4,20,8
417,417,20200915,SS,KT,0,T,42,37,7,7,14,1,0,1,0,0,1,0,4,1.0,0,1,2,2,19,0.3,10,3
418,418,20200915,LT,WO,0,T,39,33,8,8,10,3,0,1,0,0,0,0,5,0.0,0,3,2,2,12,0.363636364,11,4
419,419,20200915,HT,SK,0,B,34,29,1,1,5,0,0,0,0,0,0,0,5,0.0,0,4,3,3,16,0.0,5,0
420,420,20200915,NC,OB,0,T,37,33,2,3,6,1,1,0,2,0,0,0,3,0.0,1,5,0,0,19,0.0,5,0
421,421,20200915,LG,HH,0,T,42,39,4,5,8,2,0,1,3,0,0,0,3,0.0,0,14,0,0,20,0.166666667,12,2
422,422,20200915,HH,LG,0,B,45,38,6,6,11,1,0,0,0,0,0,0,5,0.0,2,10,2,2,17,0.28571428600000004,7,2
423,423,20200915,OB,NC,0,B,35,30,6,7,8,3,0,0,0,0,1,0,2,0.0,2,3,0,0,9,0.444444444,9,4
424,424,20200915,KT,SS,0,B,38,36,0,0,8,1,0,0,0,0,0,0,2,0.0,0,11,1,1,18,0.0,6,0
425,425,20200916,OB,NC,0,B,33,32,3,3,7,1,0,0,0,0,0,0,0,0.0,1,6,1,1,9,0.666666667,3,2
426,426,20200916,LG,HH,0,T,46,40,9,11,15,8,0,0,0,0,0,0,6,0.0,0,5,2,2,18,0.5,14,7
427,427,20200916,KT,SS,0,B,46,43,11,11,19,4,0,1,0,0,0,0,2,0.0,1,8,0,0,20,0.42105263200000004,19,8
428,428,20200916,LT,WO,0,T,44,39,8,8,14,4,0,0,0,0,1,1,4,0.0,0,6,1,1,17,0.5,16,8
429,429,20200916,SK,HT,0,T,45,37,6,7,11,4,0,0,0,0,0,0,8,1.0,0,5,1,1,26,0.26666666699999997,15,4
430,430,20200916,NC,OB,0,T,39,34,4,5,8,1,0,2,2,0,1,0,4,0.0,0,10,0,0,15,0.2,10,2
431,431,20200916,SS,KT,0,T,45,39,4,6,14,1,0,0,0,0,0,0,6,0.0,0,4,1,1,31,0.25,16,4
432,432,20200916,HT,SK,0,B,41,33,6,6,10,1,0,1,0,0,2,1,4,0.0,2,6,1,1,18,0.375,8,3
433,433,20200916,HH,LG,0,B,39,35,5,5,9,0,1,2,0,0,0,0,3,0.0,1,11,1,1,17,0.2,10,2
434,434,20200916,WO,LT,0,B,37,32,1,2,4,1,0,0,1,0,0,0,4,0.0,1,12,0,0,16,0.0,6,0
435,435,20200917,HT,SS,0,T,44,40,11,12,16,4,0,3,0,0,1,1,3,0.0,0,6,1,1,18,0.3125,16,5
436,436,20200917,KT,OB,0,B,35,31,3,3,9,1,1,0,3,0,1,0,3,1.0,0,8,0,0,19,0.166666667,12,2
437,437,20200917,NC,SK,0,T,38,34,3,3,9,1,0,2,1,0,1,0,3,1.0,0,6,1,1,14,0.25,4,1
438,438,20200917,LG,LT,0,B,39,34,9,9,8,0,0,2,1,0,1,0,4,0.0,0,6,0,0,13,0.375,8,3
439,439,20200917,WO,HH,0,B,35,26,5,5,4,2,0,0,0,0,1,1,8,0.0,0,9,1,1,15,0.25,8,2
440,440,20200917,LT,LG,0,T,34,34,1,1,8,2,0,0,0,0,0,0,0,0.0,0,5,2,2,18,0.222222222,9,2
441,441,20200917,SS,HT,0,B,37,33,2,2,7,0,0,0,0,0,1,1,3,0.0,0,11,0,0,15,0.166666667,6,1
442,442,20200917,OB,KT,0,T,33,33,0,0,6,0,0,0,0,0,0,0,0,0.0,0,5,2,2,11,0.0,6,0
443,443,20200917,SK,NC,0,B,33,30,0,0,4,0,0,0,1,0,1,0,1,0.0,1,11,0,0,11,0.0,5,0
444,444,20200917,HH,WO,0,T,32,29,2,2,3,0,0,0,0,0,1,1,1,0.0,1,13,0,0,5,0.333333333,3,1
445,445,20200918,SK,NC,0,B,37,31,5,5,8,2,0,3,0,0,0,0,6,0.0,0,4,1,1,14,0.333333333,3,1
446,446,20200918,LG,LT,0,B,38,34,3,3,7,1,0,1,1,0,0,0,4,0.0,0,6,0,0,11,0.4,5,2
447,447,20200918,HT,SS,0,T,49,39,13,13,15,2,0,2,0,0,2,1,5,0.0,3,4,1,1,20,0.5,14,7
448,448,20200918,KT,OB,0,B,46,40,5,5,11,1,0,2,0,0,1,0,4,1.0,1,11,1,1,18,0.222222222,9,2
449,449,20200918,NC,SK,0,T,40,31,9,9,8,0,1,1,1,0,2,0,5,0.0,2,6,0,0,14,0.307692308,13,4
450,450,20200918,HH,WO,0,T,37,36,2,2,8,1,0,0,0,0,0,0,0,0.0,1,10,0,0,20,0.25,8,2
451,451,20200918,SS,HT,0,B,40,35,4,5,9,2,0,0,0,0,1,1,4,0.0,0,9,0,0,21,0.181818182,11,2
452,452,20200918,WO,HH,0,B,34,31,0,0,4,2,0,0,1,0,0,0,3,0.0,0,9,0,0,11,0.0,6,0
453,453,20200918,OB,KT,0,B,45,41,4,4,11,1,0,1,0,0,2,1,2,0.0,0,4,1,1,14,0.25,8,2
454,454,20200918,LT,LG,0,T,40,36,5,5,8,1,0,0,3,0,0,0,4,0.0,0,8,1,1,19,0.25,12,3
455,455,20200919,LG,OB,0,T,47,40,9,9,18,1,0,2,2,0,3,2,3,0.0,1,6,2,2,19,0.272727273,11,3
456,456,20200919,HH,HT,0,T,31,31,0,0,5,0,0,0,0,0,0,0,0,0.0,0,11,0,0,6,0.0,2,0
457,457,20200919,OB,LG,0,B,39,36,6,6,10,2,0,2,0,0,0,0,3,0.0,0,8,1,1,9,0.2,5,1
458,458,20200919,NC,LT,0,T,36,34,1,1,10,0,0,1,1,0,0,0,1,0.0,1,7,2,2,15,0.0,5,0
459,459,20200919,SS,WO,0,B,40,37,7,7,11,3,0,2,2,0,0,0,2,0.0,1,6,2,2,16,0.375,8,3
460,460,20200919,KT,SK,0,T,41,34,5,5,8,0,0,0,1,0,1,1,6,0.0,0,11,1,1,23,0.333333333,9,3
461,461,20200919,HT,HH,0,B,35,29,7,8,10,2,0,0,1,0,2,2,3,0.0,1,4,0,0,12,0.5,8,4
462,462,20200919,WO,SS,0,T,43,39,8,8,15,3,0,0,2,0,1,1,3,0.0,0,12,0,0,19,0.352941176,17,6
463,463,20200919,SK,KT,0,B,34,30,0,0,3,0,0,0,0,0,0,0,4,0.0,0,6,1,1,14,0.0,5,0
464,464,20200919,LT,NC,0,B,38,30,5,5,7,1,0,2,0,0,0,0,7,0.0,1,8,1,1,15,0.5,4,2
465,465,20200920,NC,LT,1,T,39,35,5,7,10,1,1,0,2,0,1,0,2,0.0,0,6,1,1,10,0.333333333,9,3
466,466,20200920,LG,OB,0,T,38,37,5,5,10,3,1,2,0,0,0,0,1,0.0,0,11,0,0,12,0.333333333,6,2
467,467,20200920,HT,HH,0,B,38,33,3,3,9,1,0,1,0,0,1,1,4,0.0,0,7,1,1,16,0.28571428600000004,7,2
468,468,20200920,WO,SS,0,T,41,37,6,6,13,2,0,1,0,0,0,0,4,0.0,0,7,3,3,21,0.333333333,12,4
469,469,20200920,OB,LG,0,B,45,31,6,6,9,1,0,1,1,0,0,0,12,0.0,2,6,3,3,26,0.1875,16,3
470,470,20200920,KT,SK,0,T,43,37,10,10,11,2,0,1,2,0,1,1,4,0.0,1,10,0,0,17,0.307692308,13,4
471,471,20200920,HH,HT,0,T,50,40,11,11,16,4,0,1,0,0,2,1,6,0.0,2,10,0,0,20,0.46666666700000003,15,7
472,472,20200920,SS,WO,0,B,48,42,12,14,18,0,0,3,1,0,1,0,5,0.0,0,6,1,1,26,0.380952381,21,8
473,473,20200920,SK,KT,0,B,31,28,1,2,3,1,0,0,0,0,0,0,3,0.0,0,4,3,3,12,0.2,5,1
474,474,20200920,LT,NC,1,B,38,35,1,2,8,1,0,1,0,0,0,0,3,0.0,0,9,1,1,21,0.22899999999999998,10,1
