G_ID,GDAY_DS,T_ID,VS_T_ID,HEADER_NO,TB_SC,CG_CK,WLS,HOLD,INN2,BF,PA,AB,HIT,H2,H3,HR,SB,CS,SH,SF,BB,IB,HP,KK,GD,WP,BK,ERR,R,ER
20200721LGKT0,20200721,LG,KT,0,T,0,L,0.0,24.0,150,39,34,12.0,0.0,0.0,3.0,1.0,0.0,1,0,4.0,0.0,0.0,7.0,1,1.0,1.0,1,10,10
20200721HHHT0,20200721,HH,HT,0,B,0,L,0.0,27.0,222,50,41,16.0,2.0,0.0,2.0,0.0,1.0,0,0,8.0,0.0,1.0,8.0,2,2.0,0.0,2,10,9
20200721LTSK0,20200721,LT,SK,0,T,0,L,2.0,24.299999999999997,166,40,34,13.0,1.0,0.0,3.0,2.0,0.0,2,1,4.0,0.0,0.0,6.0,1,0.0,0.0,1,8,8
20200721WOOB0,20200721,WO,OB,0,T,0,L,0.0,24.0,121,32,31,7.0,2.0,1.0,1.0,2.0,0.0,0,0,1.0,0.0,0.0,6.0,0,0.0,0.0,0,6,6
20200721SSNC0,20200721,SS,NC,0,T,0,L,0.0,27.299999999999997,162,42,38,13.0,3.0,0.0,3.0,0.0,2.0,1,0,2.0,1.0,1.0,7.0,0,0.0,0.0,0,6,6
20200721OBWO0,20200721,OB,WO,0,B,0,W,0.0,27.0,143,36,35,9.0,1.0,0.0,0.0,0.0,1.0,0,0,1.0,0.0,0.0,9.0,0,0.0,0.0,0,1,1
20200721SKLT0,20200721,SK,LT,0,B,0,W,0.0,27.0,161,40,35,10.0,1.0,0.0,1.0,1.0,0.0,0,0,5.0,0.0,0.0,4.0,1,0.0,0.0,1,7,7
20200721NCSS0,20200721,NC,SS,0,B,0,W,3.0,30.0,182,41,36,9.0,0.0,0.0,1.0,3.0,0.0,1,0,4.0,0.0,0.0,7.0,2,0.0,0.0,2,5,5
20200721HTHH0,20200721,HT,HH,0,T,0,W,0.0,27.0,133,32,29,3.0,0.0,0.0,1.0,0.0,0.0,0,0,2.0,0.0,1.0,7.0,1,0.0,0.0,1,2,2
20200721KTLG0,20200721,KT,LG,0,B,0,W,1.0,27.0,168,44,38,13.0,4.0,0.0,2.0,0.0,1.0,0,0,6.0,0.0,0.0,7.0,1,0.0,0.0,1,9,9
20200722HHHT0,20200722,HH,HT,0,B,0,L,0.0,27.0,148,37,30,5.0,0.0,0.0,0.0,0.0,0.0,3,0,3.0,0.0,1.0,10.0,0,0.0,1.0,0,2,2
20200722HTHH0,20200722,HT,HH,0,T,0,W,2.0,27.0,153,35,29,4.0,1.0,0.0,0.0,0.0,0.0,1,0,5.0,0.0,0.0,14.0,1,1.0,0.0,1,1,1
20200724OBLG0,20200724,OB,LG,0,B,0,L,0.0,27.0,170,46,40,15.0,2.0,1.0,2.0,1.0,0.0,0,0,5.0,1.0,1.0,3.0,1,0.0,0.0,1,8,8
20200724WOLT0,20200724,WO,LT,0,B,0,L,0.0,27.0,176,40,33,9.0,1.0,0.0,0.0,2.0,2.0,0,0,6.0,0.0,0.0,8.0,0,2.0,0.0,0,4,4
20200724HHSK0,20200724,HH,SK,0,B,0,L,0.0,27.0,164,40,34,8.0,1.0,0.0,3.0,1.0,0.0,1,1,5.0,0.0,0.0,13.0,0,0.0,0.0,0,7,7
20200724SKHH0,20200724,SK,HH,0,T,0,W,2.0,27.0,163,36,29,5.0,0.0,0.0,0.0,1.0,2.0,0,0,7.0,0.0,0.0,11.0,1,1.0,0.0,1,4,4
20200724NCKT0,20200724,NC,KT,0,T,0,W,1.0,27.0,154,37,33,6.0,1.0,0.0,1.0,2.0,1.0,0,0,6.0,0.0,0.0,10.0,0,1.0,0.0,0,2,1
20200724LTWO0,20200724,LT,WO,0,T,0,W,3.0,27.0,142,34,31,6.0,2.0,0.0,1.0,1.0,0.0,1,1,2.0,0.0,0.0,12.0,1,1.0,0.0,1,2,2
20200724LGOB0,20200724,LG,OB,0,T,0,W,0.0,27.0,134,35,31,8.0,3.0,0.0,0.0,1.0,1.0,0,0,4.0,0.0,0.0,4.0,2,0.0,0.0,2,1,1
20200724KTNC0,20200724,KT,NC,0,B,0,L,0.0,27.0,152,37,32,7.0,2.0,0.0,1.0,1.0,0.0,2,0,3.0,0.0,0.0,11.0,0,0.0,0.0,0,3,3
20200725SSHT0,20200725,SS,HT,0,B,0,L,0.0,24.0,164,37,31,11.0,2.0,0.0,0.0,0.0,0.0,3,1,3.0,1.0,0.0,9.0,1,0.0,0.0,1,8,8
20200725LGOB0,20200725,LG,OB,0,B,0,L,0.0,24.0,149,34,31,10.0,4.0,0.0,1.0,0.0,1.0,1,1,2.0,0.0,0.0,6.0,0,0.0,0.0,0,7,7
20200725NCKT0,20200725,NC,KT,0,B,0,L,0.0,24.0,141,33,29,8.0,4.0,0.0,1.0,0.0,1.0,0,0,4.0,0.0,0.0,9.0,2,0.0,0.0,2,6,6
20200725LTWO0,20200725,LT,WO,0,B,0,W,1.0,27.0,145,36,27,3.0,1.0,0.0,0.0,0.0,0.0,2,1,6.0,0.0,1.0,8.0,1,0.0,0.0,1,3,3
20200725OBLG0,20200725,OB,LG,0,T,0,W,1.0,27.0,137,36,35,10.0,3.0,0.0,0.0,0.0,0.0,0,0,1.0,0.0,0.0,8.0,3,1.0,0.0,3,3,3
20200725HTSS0,20200725,HT,SS,0,T,0,W,0.0,27.0,173,38,32,7.0,1.0,0.0,0.0,1.0,1.0,0,0,6.0,0.0,0.0,10.0,0,0.0,0.0,0,2,2
20200725WOLT0,20200725,WO,LT,0,T,0,L,0.0,27.0,132,40,35,9.0,2.0,0.0,0.0,0.0,1.0,0,0,3.0,0.0,2.0,11.0,0,0.0,0.0,0,6,6
20200725KTNC0,20200725,KT,NC,0,T,0,W,1.0,27.0,150,36,31,6.0,0.0,0.0,0.0,0.0,1.0,1,1,4.0,0.0,0.0,3.0,0,2.0,0.0,0,2,2
20200726WOLT0,20200726,WO,LT,0,B,0,W,0.0,27.0,133,37,34,8.0,3.0,0.0,0.0,1.0,0.0,0,0,3.0,0.0,0.0,4.0,2,0.0,0.0,2,1,0
20200726LGOB0,20200726,LG,OB,0,T,0,W,2.0,27.0,163,40,32,8.0,2.0,0.0,1.0,0.0,0.0,1,0,6.0,1.0,1.0,5.0,1,0.0,1.0,1,3,3
20200726HTSS0,20200726,HT,SS,0,B,0,W,4.0,27.0,157,43,36,12.0,4.0,0.0,1.0,1.0,0.0,3,1,4.0,0.0,0.0,4.0,0,1.0,0.0,0,5,5
20200726SKHH0,20200726,SK,HH,0,T,0,W,2.0,27.0,174,38,34,8.0,2.0,0.0,1.0,0.0,0.0,0,0,4.0,0.0,0.0,8.0,1,0.0,0.0,1,4,4
20200726KTNC0,20200726,KT,NC,0,B,0,W,0.0,27.0,123,34,32,7.0,1.0,0.0,2.0,1.0,0.0,1,1,1.0,0.0,0.0,7.0,1,0.0,0.0,1,4,4
20200726OBLG0,20200726,OB,LG,0,B,0,L,0.0,27.0,139,36,33,7.0,0.0,1.0,0.0,2.0,0.0,1,1,2.0,0.0,0.0,8.0,1,0.0,0.0,1,4,2
20200726SSHT0,20200726,SS,HT,0,T,0,L,0.0,24.0,170,41,37,12.0,2.0,1.0,0.0,0.0,0.0,0,0,3.0,0.0,1.0,5.0,0,1.0,0.0,0,8,6
20200726HHSK0,20200726,HH,SK,0,B,0,L,0.0,27.0,180,42,35,10.0,2.0,0.0,0.0,1.0,0.0,0,0,5.0,0.0,2.0,5.0,1,2.0,0.0,1,7,7
20200726LTWO0,20200726,LT,WO,0,T,0,L,0.0,24.0,150,40,35,13.0,4.0,0.0,0.0,0.0,1.0,0,0,4.0,1.0,1.0,5.0,1,0.0,0.0,1,8,8
20200726NCKT0,20200726,NC,KT,0,T,0,L,0.0,24.0,138,36,34,8.0,0.0,0.0,3.0,2.0,0.0,0,0,2.0,0.0,0.0,8.0,1,1.0,0.0,1,5,3
20200727SKHH0,20200727,SK,HH,0,T,0,D,0.0,27.0,156,35,29,5.0,3.0,0.0,0.0,1.0,0.0,1,0,5.0,0.0,0.0,5.0,2,0.0,0.0,2,5,5
20200727HHSK0,20200727,HH,SK,0,B,0,D,1.0,27.0,138,37,32,10.0,3.0,0.0,1.0,1.0,0.0,1,0,3.0,0.0,1.0,5.0,3,1.0,0.0,3,5,5
20200728LGSK0,20200728,LG,SK,0,T,0,W,0.0,27.0,166,41,34,8.0,3.0,0.0,2.0,0.0,0.0,0,0,5.0,0.0,2.0,10.0,1,1.0,0.0,1,7,7
20200728LTNC0,20200728,LT,NC,0,B,0,W,1.0,27.0,185,46,42,17.0,3.0,0.0,2.0,2.0,0.0,0,0,4.0,0.0,0.0,7.0,1,0.0,0.0,1,9,8
20200728OBWO0,20200728,OB,WO,0,B,0,L,0.0,27.0,166,43,34,8.0,2.0,0.0,1.0,0.0,0.0,2,1,5.0,1.0,2.0,6.0,0,0.0,0.0,0,6,5
20200728NCLT0,20200728,NC,LT,0,T,0,L,0.0,24.599999999999998,168,46,36,14.0,3.0,0.0,2.0,0.0,0.0,2,1,8.0,1.0,0.0,6.0,1,0.0,0.0,1,11,11
20200728SKLG0,20200728,SK,LG,0,B,0,L,0.0,27.0,221,58,49,23.0,3.0,1.0,6.0,0.0,0.0,0,0,7.0,1.0,2.0,6.0,1,3.0,0.0,1,24,24
20200728WOOB0,20200728,WO,OB,0,T,0,W,2.0,27.0,130,38,36,9.0,2.0,0.0,1.0,0.0,0.0,0,0,2.0,0.0,0.0,4.0,0,0.0,0.0,0,2,2
20200729SKLG0,20200729,SK,LG,0,B,0,L,0.0,27.0,179,45,36,13.0,0.0,0.0,3.0,1.0,0.0,0,0,8.0,0.0,1.0,7.0,2,0.0,0.0,2,11,11
20200729HHSS0,20200729,HH,SS,0,T,0,W,1.0,27.0,195,44,34,9.0,1.0,0.0,2.0,1.0,1.0,0,0,8.0,0.0,2.0,7.0,1,0.0,0.0,1,7,7
20200729LGSK0,20200729,LG,SK,0,T,0,W,1.0,27.0,146,44,40,14.0,1.0,0.0,4.0,2.0,0.0,0,0,3.0,0.0,1.0,5.0,0,0.0,0.0,0,6,6
20200729SSHH0,20200729,SS,HH,0,B,0,L,0.0,27.0,181,49,44,18.0,1.0,0.0,1.0,0.0,0.0,1,1,3.0,0.0,1.0,7.0,1,0.0,0.0,1,12,5
20200730KTHT0,20200730,KT,HT,0,T,0,W,1.0,27.0,136,36,33,8.0,3.0,0.0,0.0,0.0,0.0,1,0,1.0,0.0,1.0,8.0,1,0.0,0.0,1,1,1
20200730LGSK0,20200730,LG,SK,0,T,0,W,1.0,27.0,138,34,30,4.0,3.0,0.0,0.0,0.0,0.0,0,0,3.0,0.0,1.0,8.0,0,1.0,0.0,0,1,1
20200730WOOB0,20200730,WO,OB,0,T,0,W,3.0,27.0,141,41,36,10.0,0.0,0.0,2.0,2.0,0.0,1,0,3.0,0.0,1.0,8.0,0,0.0,0.0,0,5,5
20200730HHSS0,20200730,HH,SS,0,T,0,L,0.0,30.599999999999998,196,46,36,6.0,2.0,0.0,0.0,3.0,0.0,2,0,7.0,1.0,1.0,12.0,0,3.0,0.0,0,2,1
20200730HTKT0,20200730,HT,KT,0,B,0,L,0.0,27.0,142,38,31,11.0,2.0,0.0,0.0,1.0,3.0,2,0,3.0,0.0,2.0,6.0,1,2.0,0.0,1,4,4
20200730OBWO0,20200730,OB,WO,0,B,0,L,0.0,27.0,139,39,34,13.0,2.0,0.0,1.0,2.0,0.0,1,0,3.0,0.0,1.0,2.0,2,0.0,0.0,2,8,8
20200730SKLG0,20200730,SK,LG,0,B,0,L,0.0,27.0,187,45,39,13.0,3.0,0.0,1.0,1.0,0.0,0,0,5.0,0.0,1.0,6.0,1,1.0,0.0,1,9,9
20200730SSHH0,20200730,SS,HH,0,B,0,W,0.0,33.0,181,43,36,3.0,0.0,0.0,0.0,0.0,0.0,0,0,4.0,0.0,2.0,12.0,0,0.0,0.0,0,1,0
20200731SKKT0,20200731,SK,KT,0,T,0,L,0.0,24.0,175,42,39,16.0,3.0,0.0,4.0,0.0,1.0,0,0,3.0,0.0,0.0,8.0,0,0.0,0.0,0,11,11
20200731HTLT0,20200731,HT,LT,0,T,0,W,0.0,27.0,130,36,33,6.0,2.0,0.0,0.0,0.0,0.0,0,0,3.0,0.0,0.0,5.0,3,0.0,0.0,3,2,1
20200731HHLG0,20200731,HH,LG,0,T,0,W,0.0,27.0,136,31,29,4.0,2.0,0.0,0.0,0.0,1.0,0,0,2.0,0.0,0.0,9.0,0,1.0,0.0,0,1,1
20200731WOSS0,20200731,WO,SS,0,T,0,W,3.0,27.0,151,40,35,8.0,1.0,0.0,0.0,0.0,1.0,0,0,3.0,1.0,2.0,5.0,0,0.0,1.0,0,3,3
20200731NCOB0,20200731,NC,OB,0,B,0,W,0.0,27.0,180,44,39,14.0,2.0,0.0,1.0,2.0,0.0,1,0,4.0,0.0,0.0,8.0,1,1.0,0.0,1,7,7
20200731LGHH0,20200731,LG,HH,0,B,0,L,0.0,27.0,137,37,34,10.0,1.0,0.0,0.0,0.0,1.0,1,1,2.0,0.0,0.0,4.0,0,0.0,0.0,0,2,2
20200731LTHT0,20200731,LT,HT,0,B,0,L,0.0,27.0,160,38,34,8.0,1.0,0.0,0.0,0.0,0.0,0,0,4.0,0.0,0.0,10.0,1,0.0,0.0,1,3,2
20200731SSWO0,20200731,SS,WO,0,B,0,L,0.0,27.0,157,42,36,10.0,2.0,0.0,3.0,1.0,0.0,0,0,6.0,0.0,0.0,7.0,1,1.0,0.0,1,10,10
20200731KTSK0,20200731,KT,SK,0,B,0,W,2.0,27.0,148,36,31,4.0,0.0,0.0,1.0,0.0,0.0,0,0,5.0,0.0,0.0,5.0,1,1.0,0.0,1,1,1
20200731OBNC0,20200731,OB,NC,0,T,0,L,1.0,24.0,184,42,37,14.0,4.0,0.0,1.0,2.0,0.0,0,0,3.0,0.0,2.0,7.0,1,0.0,0.0,1,10,10
20200801KTSK0,20200801,KT,SK,0,B,0,W,0.0,27.0,135,34,32,6.0,1.0,0.0,0.0,0.0,0.0,0,0,2.0,0.0,0.0,5.0,1,0.0,0.0,1,0,0
20200801HTLT0,20200801,HT,LT,0,T,0,L,0.0,24.0,134,37,31,10.0,3.0,0.0,2.0,0.0,1.0,1,1,5.0,0.0,0.0,3.0,2,0.0,0.0,2,7,6
20200801HHLG0,20200801,HH,LG,0,T,0,L,0.0,24.0,161,41,39,15.0,3.0,0.0,0.0,0.0,0.0,0,0,1.0,0.0,1.0,7.0,0,2.0,0.0,0,9,7
20200801SSWO0,20200801,SS,WO,0,B,0,L,0.0,27.0,246,62,48,23.0,7.0,0.0,1.0,1.0,0.0,2,1,11.0,0.0,1.0,6.0,0,0.0,0.0,0,22,21
20200801SKKT0,20200801,SK,KT,0,T,0,L,0.0,24.0,135,41,36,13.0,1.0,1.0,3.0,0.0,0.0,0,0,5.0,0.0,0.0,2.0,2,1.0,0.0,2,11,11
20200801LTHT0,20200801,LT,HT,0,B,0,W,0.0,27.0,147,36,34,9.0,2.0,0.0,1.0,0.0,0.0,0,0,2.0,0.0,0.0,9.0,1,0.0,0.0,1,3,3
20200801OBNC0,20200801,OB,NC,0,T,0,W,1.0,30.0,189,51,45,15.0,4.0,0.0,2.0,2.0,0.0,0,0,7.0,0.0,0.0,8.0,0,0.0,0.0,0,10,9
20200801WOSS0,20200801,WO,SS,0,T,0,W,1.0,27.0,185,40,34,8.0,4.0,0.0,0.0,0.0,1.0,0,0,4.0,0.0,2.0,8.0,0,0.0,0.0,0,7,6
20200801LGHH0,20200801,LG,HH,0,B,0,W,1.0,27.0,167,40,34,8.0,2.0,0.0,1.0,1.0,0.0,0,0,5.0,0.0,1.0,8.0,0,2.0,0.0,0,6,6
20200801NCOB0,20200801,NC,OB,0,B,0,L,0.0,30.0,186,52,45,17.0,2.0,1.0,0.0,2.0,0.0,2,1,4.0,1.0,0.0,9.0,1,2.0,0.0,1,12,11
20200802LTHT0,20200802,LT,HT,0,B,0,W,0.0,27.0,124,32,30,4.0,2.0,0.0,0.0,0.0,0.0,0,0,2.0,0.0,0.0,10.0,1,0.0,0.0,1,0,0
20200802WOSS0,20200802,WO,SS,0,T,0,W,0.0,30.0,149,41,39,10.0,1.0,0.0,1.0,1.0,0.0,0,0,2.0,0.0,0.0,8.0,0,0.0,0.0,0,2,2
20200802OBNC0,20200802,OB,NC,0,T,0,W,0.0,36.0,182,47,42,8.0,1.0,0.0,2.0,0.0,0.0,0,0,3.0,0.0,2.0,10.0,1,1.0,0.0,1,4,4
20200802SSWO0,20200802,SS,WO,0,B,0,L,2.0,30.0,141,41,38,10.0,2.0,0.0,0.0,0.0,0.0,1,1,2.0,1.0,0.0,4.0,2,0.0,0.0,2,4,4
20200802HTLT0,20200802,HT,LT,0,T,0,L,0.0,24.0,161,39,34,11.0,4.0,0.0,0.0,0.0,0.0,1,0,4.0,0.0,0.0,6.0,2,0.0,0.0,2,8,7
20200804HTLG0,20200804,HT,LG,0,B,0,L,0.0,27.0,184,47,41,16.0,1.0,2.0,3.0,0.0,0.0,0,0,5.0,0.0,1.0,9.0,1,1.0,0.0,1,15,15
20200804SKLT0,20200804,SK,LT,0,B,0,L,0.0,27.0,170,46,41,15.0,3.0,0.0,1.0,0.0,0.0,0,0,4.0,0.0,1.0,2.0,1,1.0,0.0,1,8,8
20200804OBSS0,20200804,OB,SS,0,B,0,L,0.0,27.0,166,41,34,7.0,2.0,0.0,1.0,1.0,0.0,0,0,6.0,1.0,1.0,10.0,0,1.0,0.0,0,6,6
20200804LGHT0,20200804,LG,HT,0,T,0,W,1.0,27.0,146,40,36,8.0,1.0,0.0,1.0,0.0,0.0,0,0,4.0,0.0,0.0,10.0,0,0.0,0.0,0,5,3
20200804KTWO0,20200804,KT,WO,0,T,0,W,3.0,27.0,154,38,34,10.0,0.0,0.0,1.0,0.0,0.0,1,0,3.0,0.0,0.0,7.0,2,0.0,0.0,2,2,2
20200804LTSK0,20200804,LT,SK,0,T,0,W,0.0,27.0,120,33,31,6.0,1.0,0.0,0.0,0.0,0.0,0,0,2.0,0.0,0.0,6.0,1,0.0,0.0,1,0,0
20200804WOKT0,20200804,WO,KT,0,B,0,L,1.0,27.0,143,38,32,11.0,1.0,0.0,0.0,1.0,1.0,2,0,4.0,0.0,0.0,9.0,3,0.0,0.0,3,4,4
20200804SSOB0,20200804,SS,OB,0,T,0,W,3.0,27.0,138,37,36,9.0,1.0,0.0,1.0,0.0,0.0,0,0,1.0,0.0,0.0,4.0,0,1.0,0.0,0,3,2
20200805WOKT0,20200805,WO,KT,0,B,0,W,1.0,27.0,128,36,34,10.0,1.0,0.0,1.0,0.0,2.0,0,0,1.0,0.0,1.0,3.0,1,0.0,0.0,1,3,2
20200805LGHT0,20200805,LG,HT,0,T,0,W,3.0,27.0,151,38,35,9.0,1.0,0.0,0.0,1.0,0.0,1,0,2.0,0.0,0.0,11.0,0,0.0,0.0,0,4,4
20200805HHNC0,20200805,HH,NC,0,B,0,W,1.0,27.0,164,43,30,6.0,0.0,1.0,0.0,0.0,0.0,2,1,9.0,1.0,2.0,4.0,1,0.0,0.0,1,5,5
20200805HTLG0,20200805,HT,LG,0,B,0,L,0.0,27.0,161,41,35,11.0,3.0,0.0,2.0,0.0,1.0,1,0,5.0,0.0,0.0,10.0,2,2.0,0.0,2,6,6
20200805NCHH0,20200805,NC,HH,0,T,0,L,0.0,24.0,158,43,33,12.0,2.0,0.0,1.0,0.0,0.0,3,2,5.0,0.0,2.0,5.0,2,0.0,0.0,2,8,7
20200805KTWO0,20200805,KT,WO,0,T,0,L,0.0,24.0,183,46,40,15.0,2.0,0.0,1.0,0.0,0.0,0,0,5.0,0.0,1.0,7.0,0,0.0,0.0,0,12,7
20200805SSOB0,20200805,SS,OB,0,T,0,D,0.0,24.0,130,32,28,4.0,0.0,0.0,0.0,1.0,1.0,0,0,3.0,0.0,1.0,4.0,0,0.0,0.0,0,2,0
20200805OBSS0,20200805,OB,SS,0,B,0,D,0.0,24.299999999999997,155,40,34,12.0,2.0,0.0,0.0,1.0,1.0,2,0,4.0,2.0,0.0,4.0,1,1.0,1.0,1,2,1
20200806HTLG0,20200806,HT,LG,0,B,0,W,0.0,27.0,110,30,28,4.0,0.0,0.0,0.0,0.0,0.0,1,1,1.0,0.0,0.0,7.0,0,0.0,0.0,0,1,1
20200806NCHH0,20200806,NC,HH,0,T,0,W,3.0,27.0,154,34,29,5.0,0.0,0.0,0.0,0.0,1.0,1,0,4.0,0.0,0.0,6.0,1,0.0,0.0,1,1,1
20200806OBSS0,20200806,OB,SS,0,B,0,W,2.0,27.0,172,40,38,11.0,0.0,0.0,0.0,3.0,0.0,0,0,2.0,0.0,0.0,7.0,0,0.0,0.0,0,2,2
20200806WOKT0,20200806,WO,KT,0,B,0,W,2.0,27.0,122,34,32,4.0,1.0,0.0,1.0,1.0,0.0,0,0,2.0,0.0,0.0,9.0,0,0.0,0.0,0,2,2
20200806LGHT0,20200806,LG,HT,0,T,0,L,0.0,24.0,177,42,35,12.0,3.0,0.0,4.0,2.0,0.0,0,0,6.0,0.0,1.0,8.0,1,1.0,0.0,1,13,13
20200806SKLT0,20200806,SK,LT,0,B,0,L,0.0,27.0,150,39,33,6.0,0.0,0.0,2.0,0.0,0.0,0,0,4.0,0.0,2.0,6.0,0,0.0,0.0,0,8,6
20200806LTSK0,20200806,LT,SK,0,T,0,W,0.0,27.0,113,35,33,8.0,1.0,0.0,1.0,0.0,0.0,1,1,1.0,0.0,0.0,8.0,1,1.0,0.0,1,2,2
20200806HHNC0,20200806,HH,NC,0,B,0,L,0.0,27.0,173,39,32,8.0,1.0,0.0,2.0,0.0,2.0,0,0,7.0,0.0,0.0,4.0,1,0.0,0.0,1,4,4
20200806KTWO0,20200806,KT,WO,0,T,0,L,0.0,24.0,139,35,28,7.0,2.0,0.0,1.0,1.0,0.0,2,1,5.0,1.0,0.0,4.0,1,0.0,0.0,1,3,3
20200806SSOB0,20200806,SS,OB,0,T,0,L,0.0,24.0,140,36,31,7.0,1.0,1.0,0.0,0.0,0.0,1,0,4.0,0.0,0.0,7.0,0,1.0,0.0,0,5,5
20200807SSSK0,20200807,SS,SK,0,T,0,W,1.0,27.0,142,34,32,4.0,1.0,0.0,0.0,0.0,0.0,0,0,2.0,0.0,0.0,7.0,0,1.0,0.0,0,0,0
20200807LGWO0,20200807,LG,WO,0,T,0,W,1.0,27.0,140,38,32,6.0,2.0,0.0,0.0,0.0,0.0,1,1,4.0,0.0,1.0,8.0,0,2.0,0.0,0,2,2
20200807LTOB0,20200807,LT,OB,0,T,0,W,1.0,27.0,117,38,35,11.0,1.0,0.0,0.0,2.0,0.0,2,2,1.0,0.0,0.0,2.0,1,0.0,0.0,1,4,4
20200807SKSS0,20200807,SK,SS,0,B,0,L,0.0,27.0,147,36,29,6.0,1.0,0.0,1.0,2.0,2.0,1,0,4.0,0.0,2.0,7.0,1,1.0,0.0,1,2,2
20200807OBLT0,20200807,OB,LT,0,B,0,L,1.0,27.0,194,49,39,12.0,2.0,0.0,2.0,0.0,0.0,1,1,8.0,0.0,1.0,6.0,1,1.0,0.0,1,8,5
20200807WOLG0,20200807,WO,LG,0,B,0,L,0.0,27.0,158,39,36,10.0,0.0,1.0,1.0,0.0,0.0,1,1,2.0,0.0,0.0,10.0,1,0.0,0.0,1,5,5
20200808LTOB0,20200808,LT,OB,0,T,1,D,0.0,15.0,52,16,16,3.0,0.0,0.0,1.0,0.0,0.0,0,0,0.0,0.0,0.0,0.0,2,0.0,0.0,2,1,1
20200808OBLT0,20200808,OB,LT,0,B,1,D,0.0,18.0,88,24,22,6.0,1.0,0.0,0.0,0.0,0.0,1,1,1.0,0.0,0.0,6.0,1,0.0,0.0,1,1,1
20200808LGWO0,20200808,LG,WO,0,T,0,L,0.0,24.0,132,35,32,9.0,1.0,0.0,1.0,1.0,0.0,0,0,3.0,0.0,0.0,7.0,1,1.0,0.0,1,5,5
20200808NCHT0,20200808,NC,HT,0,T,0,L,0.0,24.0,122,28,28,4.0,1.0,0.0,1.0,0.0,0.0,0,0,0.0,0.0,0.0,9.0,0,0.0,0.0,0,3,3
20200808SKSS0,20200808,SK,SS,0,B,1,W,0.0,15.0,66,19,17,5.0,1.0,0.0,1.0,0.0,1.0,1,1,1.0,0.0,0.0,1.0,0,0.0,0.0,0,2,2
20200808WOLG0,20200808,WO,LG,0,B,0,W,0.0,27.0,128,35,32,8.0,2.0,0.0,1.0,0.0,0.0,0,0,3.0,0.0,0.0,4.0,0,0.0,0.0,0,1,1
20200808SSSK0,20200808,SS,SK,0,T,1,L,0.0,15.0,80,22,19,3.0,2.0,1.0,0.0,0.0,0.0,0,0,2.0,0.0,1.0,0.0,0,0.0,0.0,0,4,2
20200808HTNC0,20200808,HT,NC,0,B,0,W,1.0,27.0,160,40,31,6.0,1.0,2.0,0.0,2.0,1.0,0,0,7.0,0.0,2.0,6.0,1,0.0,0.0,1,2,2
20200809NCHT0,20200809,NC,HT,0,T,0,W,0.0,27.0,179,41,32,4.0,0.0,0.0,0.0,0.0,0.0,0,0,9.0,0.0,0.0,7.0,0,1.0,0.0,0,1,1
20200809WOLG0,20200809,WO,LG,0,B,0,W,2.0,27.0,116,31,30,4.0,2.0,0.0,1.0,0.0,0.0,0,0,1.0,0.0,0.0,8.0,1,0.0,0.0,1,1,1
20200809KTHH0,20200809,KT,HH,0,T,0,W,3.0,27.0,170,38,34,8.0,1.0,0.0,1.0,0.0,0.0,1,1,3.0,0.0,0.0,12.0,1,1.0,0.0,1,3,2
20200809LGWO0,20200809,LG,WO,0,T,0,L,0.0,24.0,130,34,28,7.0,0.0,0.0,0.0,2.0,0.0,2,0,3.0,0.0,1.0,6.0,2,0.0,0.0,2,2,1
20200809HHKT0,20200809,HH,KT,0,B,0,L,0.0,27.0,181,42,37,12.0,5.0,0.0,1.0,0.0,0.0,0,0,5.0,0.0,0.0,9.0,1,0.0,0.0,1,6,6
20200809HTNC0,20200809,HT,NC,0,B,0,L,0.0,27.0,205,45,39,14.0,2.0,1.0,1.0,0.0,0.0,0,0,5.0,0.0,1.0,8.0,2,0.0,0.0,2,8,8
20200811SSOB0,20200811,SS,OB,0,B,0,L,0.0,27.0,172,39,33,9.0,1.0,0.0,1.0,0.0,0.0,0,0,6.0,0.0,0.0,4.0,2,1.0,0.0,2,6,6
20200811WOHH0,20200811,WO,HH,0,B,0,L,0.0,36.0,215,55,44,10.0,1.0,0.0,1.0,0.0,1.0,3,1,6.0,1.0,2.0,10.0,0,0.0,0.0,0,7,5
20200811OBSS0,20200811,OB,SS,0,T,0,W,2.0,27.0,151,36,34,8.0,0.0,0.0,1.0,0.0,0.0,0,0,2.0,0.0,0.0,5.0,1,0.0,0.0,1,1,1
20200811HHWO0,20200811,HH,WO,0,T,0,W,1.0,36.0,235,56,45,12.0,1.0,0.0,1.0,2.0,0.0,3,1,7.0,0.0,1.0,13.0,0,1.0,0.0,0,5,4
20200811SKKT0,20200811,SK,KT,0,T,0,L,0.0,24.0,170,38,31,11.0,2.0,0.0,1.0,0.0,1.0,1,1,6.0,0.0,0.0,8.0,2,1.0,0.0,2,6,6
20200811HTLG0,20200811,HT,LG,0,T,0,W,0.0,27.0,157,37,36,9.0,2.0,0.0,1.0,0.0,0.0,0,0,1.0,0.0,0.0,11.0,0,0.0,0.0,0,4,4
20200812LGHT0,20200812,LG,HT,0,B,0,W,0.0,27.0,166,35,29,2.0,0.0,0.0,0.0,0.0,0.0,0,0,5.0,0.0,1.0,14.0,0,0.0,1.0,0,0,0
20200812SKKT0,20200812,SK,KT,0,T,0,W,2.0,27.0,147,30,27,2.0,1.0,0.0,0.0,0.0,0.0,0,0,2.0,0.0,1.0,3.0,2,0.0,0.0,2,2,1
20200812WOHH0,20200812,WO,HH,0,B,0,W,0.0,30.0,163,38,34,4.0,1.0,0.0,1.0,1.0,0.0,0,0,2.0,0.0,2.0,8.0,0,1.0,0.0,0,2,2
20200812LTNC0,20200812,LT,NC,0,B,0,W,0.0,27.0,157,41,35,9.0,1.0,0.0,0.0,0.0,0.0,1,0,5.0,0.0,0.0,8.0,0,0.0,0.0,0,4,4
20200812SSOB0,20200812,SS,OB,0,B,0,L,0.0,27.0,166,50,45,24.0,2.0,0.0,2.0,0.0,0.0,2,2,3.0,0.0,0.0,2.0,3,1.0,0.0,3,15,15
20200812KTSK0,20200812,KT,SK,0,B,0,L,0.0,27.0,177,46,36,12.0,3.0,0.0,1.0,1.0,0.0,0,0,9.0,0.0,1.0,5.0,1,0.0,0.0,1,11,11
20200812NCLT0,20200812,NC,LT,0,T,0,L,0.0,24.0,148,41,33,13.0,3.0,0.0,1.0,0.0,1.0,2,0,4.0,0.0,2.0,4.0,1,1.0,0.0,1,8,8
20200812OBSS0,20200812,OB,SS,0,T,0,W,0.0,27.0,169,43,42,16.0,4.0,0.0,2.0,0.0,1.0,0,0,1.0,0.0,0.0,6.0,1,1.0,0.0,1,8,8
20200812HTLG0,20200812,HT,LG,0,T,0,L,0.0,24.0,140,37,34,12.0,5.0,0.0,0.0,1.0,0.0,0,0,3.0,0.0,0.0,9.0,2,1.0,0.0,2,8,8
20200812HHWO0,20200812,HH,WO,0,T,0,L,0.0,27.299999999999997,153,39,30,9.0,2.0,0.0,1.0,1.0,2.0,2,1,6.0,0.0,1.0,3.0,3,0.0,0.0,3,3,3
20200813WOHH0,20200813,WO,HH,0,B,0,W,2.0,27.0,157,39,32,9.0,0.0,0.0,0.0,0.0,0.0,1,0,5.0,0.0,1.0,10.0,2,1.0,0.0,2,3,3
20200813LTNC0,20200813,LT,NC,0,B,0,L,0.0,27.0,120,33,39,14.0,1.0,0.0,1.0,0.0,0.0,0,0,3.0,0.0,1.0,7.0,1,0.0,0.0,1,9,9
20200813HHWO0,20200813,HH,WO,0,T,0,L,0.0,24.0,125,36,31,11.0,1.0,1.0,1.0,1.0,0.0,2,0,3.0,0.0,0.0,4.0,1,0.0,0.0,1,6,6
20200813LGHT0,20200813,LG,HT,0,B,0,W,1.0,27.0,124,33,32,5.0,1.0,0.0,1.0,1.0,0.0,0,0,1.0,0.0,0.0,8.0,0,0.0,0.0,0,2,1
20200813SSOB0,20200813,SS,OB,0,B,0,W,3.0,27.0,164,39,28,4.0,0.0,0.0,1.0,1.0,1.0,2,1,9.0,0.0,0.0,11.0,1,0.0,0.0,1,2,2
20200813NCLT0,20200813,NC,LT,0,T,0,W,0.0,27.0,178,43,33,7.0,1.0,0.0,0.0,0.0,0.0,0,0,0.0,0.0,0.0,6.0,1,0.0,0.0,1,2,2
20200813HTLG0,20200813,HT,LG,0,T,0,L,0.0,24.0,127,35,29,8.0,1.0,0.0,2.0,0.0,1.0,1,0,4.0,0.0,1.0,6.0,0,0.0,0.0,0,4,4
20200813KTSK0,20200813,KT,SK,0,B,0,L,0.0,27.0,154,47,41,16.0,1.0,0.0,1.0,0.0,0.0,2,2,4.0,0.0,0.0,5.0,0,1.0,0.0,0,10,9
20200813SKKT0,20200813,SK,KT,0,T,0,W,0.0,27.0,195,48,36,10.0,2.0,0.0,1.0,1.0,0.0,1,1,11.0,0.0,0.0,17.0,1,2.0,0.0,1,6,6
20200813OBSS0,20200813,OB,SS,0,T,0,L,0.0,24.0,148,38,33,9.0,1.0,0.0,2.0,1.0,0.0,0,0,4.0,0.0,1.0,5.0,0,0.0,0.0,0,3,3
20200814SSHH0,20200814,SS,HH,0,T,0,W,0.0,27.0,144,33,30,4.0,1.0,0.0,0.0,0.0,0.0,0,0,2.0,0.0,1.0,8.0,1,0.0,0.0,1,1,1
20200814LTWO0,20200814,LT,WO,0,B,0,W,2.0,27.0,141,35,32,5.0,2.0,0.0,0.0,0.0,0.0,0,0,3.0,0.0,0.0,7.0,1,0.0,0.0,1,1,0
20200814KTOB0,20200814,KT,OB,0,T,0,W,2.0,36.0,213,53,45,10.0,0.0,0.0,2.0,2.0,0.0,0,0,8.0,2.0,0.0,9.0,1,0.0,0.0,1,3,3
20200814LGNC0,20200814,LG,NC,0,T,0,W,0.0,27.0,151,40,36,8.0,3.0,0.0,0.0,1.0,0.0,0,0,3.0,0.0,1.0,13.0,0,0.0,0.0,0,4,4
20200814HTSK0,20200814,HT,SK,0,B,0,W,0.0,27.0,167,43,31,12.0,1.0,0.0,0.0,3.0,2.0,3,1,8.0,0.0,1.0,6.0,2,0.0,0.0,2,6,6
20200814OBKT0,20200814,OB,KT,0,B,0,L,0.0,36.0,194,49,47,12.0,3.0,0.0,0.0,2.0,0.0,1,0,1.0,0.0,0.0,7.0,0,0.0,1.0,0,5,4
20200814WOLT0,20200814,WO,LT,0,T,0,L,0.0,24.0,122,38,31,11.0,2.0,0.0,0.0,0.0,1.0,2,1,5.0,1.0,0.0,6.0,0,0.0,0.0,0,5,5
20200814SKHT0,20200814,SK,HT,0,T,0,L,2.0,24.299999999999997,151,40,31,7.0,2.0,0.0,1.0,0.0,0.0,0,0,8.0,0.0,1.0,3.0,0,0.0,0.0,0,7,7
20200814HHSS0,20200814,HH,SS,0,B,0,L,0.0,27.0,186,44,41,15.0,4.0,0.0,1.0,2.0,0.0,0,0,3.0,0.0,0.0,6.0,1,1.0,0.0,1,10,10
20200814NCLG0,20200814,NC,LG,0,B,0,L,0.0,27.0,206,49,43,18.0,2.0,1.0,4.0,0.0,0.0,1,0,5.0,0.0,0.0,6.0,1,1.0,0.0,1,10,10
20200815NCLG0,20200815,NC,LG,0,B,0,L,0.0,27.0,177,45,40,15.0,4.0,0.0,2.0,0.0,0.0,1,1,3.0,0.0,1.0,9.0,0,2.0,0.0,0,13,13
20200815WOLT0,20200815,WO,LT,0,T,0,W,1.0,27.0,121,36,35,7.0,0.0,0.0,0.0,0.0,0.0,0,0,1.0,0.0,0.0,6.0,1,0.0,0.0,1,1,0
20200815SKHT0,20200815,SK,HT,0,T,0,L,0.0,24.0,142,44,41,17.0,2.0,1.0,1.0,0.0,0.0,0,0,3.0,0.0,0.0,5.0,0,1.0,0.0,0,10,10
20200815KTOB0,20200815,KT,OB,0,T,0,L,2.0,24.599999999999998,145,41,38,13.0,1.0,0.0,1.0,3.0,0.0,0,0,3.0,0.0,0.0,3.0,1,1.0,0.0,1,7,4
20200815LTWO0,20200815,LT,WO,0,B,0,L,0.0,27.0,128,36,34,9.0,4.0,0.0,0.0,0.0,0.0,0,0,2.0,0.0,0.0,4.0,1,0.0,0.0,1,3,3
20200815SSHH0,20200815,SS,HH,0,T,0,W,0.0,27.0,155,35,30,7.0,0.0,0.0,0.0,1.0,3.0,0,0,5.0,0.0,0.0,7.0,1,1.0,0.0,1,0,0
20200815LGNC0,20200815,LG,NC,0,T,0,W,0.0,27.0,149,38,34,10.0,0.0,0.0,2.0,0.0,0.0,1,1,2.0,0.0,1.0,13.0,1,1.0,0.0,1,4,4
20200815OBKT0,20200815,OB,KT,0,B,0,W,1.0,27.0,171,41,34,7.0,2.0,1.0,1.0,1.0,0.0,0,0,6.0,0.0,1.0,8.0,0,0.0,0.0,0,5,4
20200815HTSK0,20200815,HT,SK,0,B,0,W,0.0,27.0,137,36,33,9.0,2.0,0.0,0.0,0.0,1.0,0,0,3.0,0.0,0.0,1.0,2,1.0,0.0,2,3,3
20200815HHSS0,20200815,HH,SS,0,B,0,L,0.0,27.0,153,34,29,3.0,0.0,0.0,1.0,0.0,0.0,1,0,4.0,0.0,0.0,11.0,0,0.0,0.0,0,2,2
20200816SKHT0,20200816,SK,HT,0,T,0,L,0.0,24.0,167,41,38,15.0,2.0,0.0,1.0,0.0,1.0,0,0,3.0,0.0,0.0,10.0,0,2.0,1.0,0,8,8
20200816SSHH0,20200816,SS,HH,0,T,0,L,0.0,24.0,109,31,26,2.0,1.0,0.0,0.0,0.0,0.0,0,0,4.0,0.0,1.0,4.0,1,0.0,0.0,1,3,3
20200816HHSS0,20200816,HH,SS,0,B,0,W,2.0,27.0,134,34,32,5.0,1.0,0.0,2.0,1.0,0.0,0,0,1.0,0.0,1.0,9.0,0,0.0,0.0,0,2,2
20200816LTWO0,20200816,LT,WO,0,B,0,L,0.0,27.0,155,41,35,9.0,5.0,0.0,1.0,1.0,0.0,1,1,2.0,0.0,3.0,4.0,0,1.0,0.0,0,6,6
20200816HTSK0,20200816,HT,SK,0,B,0,W,2.0,27.0,179,41,34,7.0,2.0,0.0,0.0,0.0,0.0,0,0,7.0,0.0,0.0,13.0,0,1.0,0.0,0,5,5
20200816LGNC0,20200816,LG,NC,0,T,0,W,1.0,27.0,149,37,34,9.0,5.0,0.0,0.0,0.0,0.0,0,0,2.0,0.0,1.0,6.0,2,0.0,0.0,2,5,5
20200816WOLT0,20200816,WO,LT,0,T,0,W,3.0,27.0,125,36,30,6.0,1.0,0.0,0.0,3.0,0.0,1,1,4.0,0.0,1.0,5.0,3,0.0,0.0,3,3,3
20200816KTOB0,20200816,KT,OB,0,T,0,W,2.0,27.0,140,35,28,3.0,1.0,0.0,0.0,1.0,0.0,0,0,6.0,0.0,1.0,6.0,2,0.0,0.0,2,1,1
20200816OBKT0,20200816,OB,KT,0,B,0,L,0.0,27.0,157,41,35,11.0,5.0,0.0,0.0,1.0,0.0,3,1,3.0,0.0,0.0,5.0,1,0.0,0.0,1,4,2
20200816NCLG0,20200816,NC,LG,0,B,0,L,0.0,27.0,163,41,32,7.0,0.0,0.0,2.0,0.0,1.0,1,0,8.0,0.0,0.0,3.0,1,0.0,0.0,1,6,3
20200818NCWO0,20200818,NC,WO,0,B,0,W,0.0,27.0,136,35,34,7.0,0.0,0.0,0.0,1.0,0.0,0,0,0.0,0.0,1.0,6.0,0,0.0,0.0,0,1,1
20200818OBLT0,20200818,OB,LT,0,T,0,W,0.0,27.0,145,36,34,6.0,0.0,1.0,1.0,0.0,0.0,0,0,2.0,0.0,0.0,7.0,0,1.0,0.0,0,2,2
20200818KTSS0,20200818,KT,SS,0,T,0,W,0.0,27.0,138,37,32,6.0,3.0,0.0,0.0,0.0,0.0,1,1,3.0,0.0,1.0,6.0,1,0.0,0.0,1,3,2
20200818SKHH0,20200818,SK,HH,0,B,0,W,0.0,27.0,181,43,32,6.0,2.0,0.0,0.0,0.0,0.0,0,0,7.0,0.0,4.0,16.0,0,0.0,0.0,0,3,3
20200818LGHT0,20200818,LG,HT,0,B,0,W,0.0,30.0,178,46,40,11.0,2.0,0.0,0.0,0.0,0.0,1,0,5.0,0.0,0.0,8.0,0,1.0,0.0,0,5,5
20200818LTOB0,20200818,LT,OB,0,B,0,L,0.0,27.0,200,50,43,16.0,2.0,0.0,0.0,1.0,0.0,1,1,3.0,0.0,2.0,10.0,0,0.0,0.0,0,9,8
20200818WONC0,20200818,WO,NC,0,T,0,L,0.0,24.0,124,32,27,7.0,3.0,0.0,1.0,0.0,1.0,2,1,2.0,0.0,1.0,4.0,1,1.0,0.0,1,5,5
20200818SSKT0,20200818,SS,KT,0,B,0,L,1.0,27.0,177,42,33,9.0,1.0,0.0,1.0,0.0,0.0,1,1,8.0,0.0,0.0,7.0,0,1.0,0.0,0,6,5
20200818HHSK0,20200818,HH,SK,0,T,0,L,0.0,24.0,146,40,31,8.0,2.0,0.0,2.0,0.0,0.0,2,1,5.0,0.0,2.0,4.0,0,1.0,0.0,0,9,4
20200818HTLG0,20200818,HT,LG,0,T,0,L,3.0,27.299999999999997,170,40,37,12.0,1.0,0.0,2.0,1.0,0.0,1,1,2.0,0.0,0.0,13.0,2,0.0,0.0,2,6,5
20200819LGHT0,20200819,LG,HT,0,B,0,W,0.0,27.0,152,36,34,8.0,0.0,0.0,0.0,0.0,0.0,0,0,2.0,0.0,0.0,9.0,1,0.0,0.0,1,1,1
20200819WONC0,20200819,WO,NC,0,T,0,W,1.0,27.0,161,40,36,7.0,1.0,0.0,1.0,0.0,0.0,0,0,4.0,0.0,0.0,7.0,0,0.0,0.0,0,4,3
20200819LTOB0,20200819,LT,OB,0,B,0,W,0.0,27.0,137,33,28,6.0,0.0,0.0,1.0,0.0,1.0,0,0,4.0,0.0,1.0,6.0,3,0.0,1.0,3,3,3
20200819SKHH0,20200819,SK,HH,0,B,0,W,0.0,27.0,171,43,40,12.0,2.0,0.0,2.0,0.0,0.0,0,0,3.0,0.0,0.0,8.0,0,0.0,0.0,0,6,4
20200819KTSS0,20200819,KT,SS,0,T,0,W,1.0,27.0,122,38,34,11.0,0.0,0.0,0.0,0.0,0.0,2,2,2.0,0.0,0.0,7.0,3,1.0,0.0,3,4,4
20200819NCWO0,20200819,NC,WO,0,B,0,L,0.0,27.0,152,40,35,8.0,3.0,0.0,1.0,1.0,0.0,0,0,3.0,0.0,2.0,5.0,1,0.0,0.0,1,6,5
20200819SSKT0,20200819,SS,KT,0,B,0,L,0.0,27.0,165,37,31,6.0,1.0,0.0,1.0,0.0,0.0,1,1,4.0,0.0,1.0,8.0,1,1.0,0.0,1,6,6
20200819HTLG0,20200819,HT,LG,0,T,0,L,0.0,24.0,195,45,34,12.0,2.0,2.0,1.0,1.0,0.0,1,1,9.0,0.0,1.0,3.0,2,0.0,0.0,2,10,9
20200819HHSK0,20200819,HH,SK,0,T,0,L,0.0,24.0,210,57,46,22.0,4.0,0.0,6.0,0.0,1.0,0,0,10.0,0.0,1.0,4.0,0,0.0,0.0,0,26,22
20200820KTHH0,20200820,KT,HH,0,T,0,W,2.0,27.0,130,34,29,2.0,0.0,0.0,0.0,0.0,0.0,0,0,5.0,0.0,0.0,9.0,0,0.0,0.0,0,0,0
20200820NCHT0,20200820,NC,HT,0,T,0,W,0.0,27.0,147,39,33,5.0,0.0,0.0,0.0,0.0,0.0,0,0,5.0,0.0,1.0,10.0,0,0.0,1.0,0,2,1
20200820SSSK0,20200820,SS,SK,0,T,0,W,0.0,27.0,145,40,35,11.0,0.0,0.0,2.0,0.0,0.0,1,1,4.0,0.0,0.0,6.0,2,1.0,0.0,2,3,3
20200820WOLG0,20200820,WO,LG,0,B,0,W,0.0,27.0,166,38,36,9.0,1.0,0.0,1.0,1.0,0.0,0,0,2.0,0.0,0.0,9.0,1,1.0,0.0,1,5,5
20200820LTOB0,20200820,LT,OB,0,T,0,W,0.0,27.0,169,43,40,14.0,4.0,0.0,0.0,0.0,0.0,0,0,3.0,0.0,0.0,10.0,1,1.0,0.0,1,5,5
20200820HHKT0,20200820,HH,KT,0,B,0,L,0.0,27.0,144,36,31,6.0,0.0,0.0,1.0,3.0,0.0,1,0,4.0,1.0,0.0,5.0,1,0.0,0.0,1,3,3
20200820SKSS0,20200820,SK,SS,0,B,0,L,0.0,27.0,167,42,35,9.0,2.0,0.0,0.0,2.0,0.0,1,0,6.0,0.0,0.0,9.0,1,0.0,0.0,1,8,5
20200820OBLT0,20200820,OB,LT,0,B,0,L,0.0,27.0,167,44,36,11.0,2.0,1.0,1.0,2.0,0.0,1,0,7.0,1.0,0.0,7.0,1,0.0,0.0,1,6,6
20200820LGWO0,20200820,LG,WO,0,T,0,L,1.0,24.0,149,39,31,8.0,2.0,0.0,0.0,2.0,0.0,1,1,6.0,0.0,1.0,6.0,1,0.0,0.0,1,6,6
20200820HTNC0,20200820,HT,NC,0,B,0,L,0.0,27.0,170,51,45,21.0,3.0,0.0,1.0,3.0,0.0,2,1,3.0,0.0,0.0,6.0,0,0.0,0.0,0,14,14
20200821HHKT0,20200821,HH,KT,0,B,0,W,0.0,27.0,156,35,30,4.0,0.0,0.0,1.0,0.0,0.0,0,0,4.0,0.0,1.0,12.0,1,0.0,0.0,1,1,1
20200821OBLT0,20200821,OB,LT,0,B,0,W,0.0,27.0,144,33,31,3.0,1.0,0.0,0.0,2.0,0.0,0,0,2.0,1.0,0.0,8.0,0,1.0,0.0,0,0,0
20200821LGWO0,20200821,LG,WO,0,T,0,W,0.0,27.0,130,36,33,6.0,0.0,0.0,1.0,1.0,0.0,0,0,2.0,0.0,1.0,6.0,0,0.0,0.0,0,3,3
20200821NCHT0,20200821,NC,HT,0,T,0,W,1.0,27.0,149,38,34,9.0,0.0,0.0,2.0,1.0,1.0,1,0,2.0,0.0,1.0,5.0,0,0.0,0.0,0,4,4
20200821SKSS0,20200821,SK,SS,0,B,0,W,1.0,27.0,186,47,37,11.0,1.0,1.0,2.0,0.0,0.0,1,1,8.0,0.0,1.0,8.0,1,0.0,0.0,1,6,5
20200821KTHH0,20200821,KT,HH,0,T,0,L,0.0,24.0,136,37,35,11.0,2.0,0.0,1.0,0.0,0.0,0,0,2.0,0.0,0.0,6.0,1,0.0,0.0,1,5,5
20200821HTNC0,20200821,HT,NC,0,B,0,L,0.0,27.0,149,43,38,10.0,5.0,0.0,1.0,0.0,0.0,1,0,4.0,0.0,0.0,10.0,0,0.0,0.0,0,10,6
20200821WOLG0,20200821,WO,LG,0,B,0,L,0.0,27.0,159,42,36,10.0,2.0,1.0,2.0,1.0,0.0,0,0,6.0,0.0,0.0,6.0,0,0.0,0.0,0,7,7
20200821SSSK0,20200821,SS,SK,0,T,0,L,1.0,24.0,123,43,32,12.0,2.0,0.0,0.0,0.0,0.0,2,1,5.0,1.0,3.0,2.0,0,0.0,0.0,0,8,8
20200821LTOB0,20200821,LT,OB,0,T,0,L,0.0,24.599999999999998,151,36,31,5.0,0.0,0.0,0.0,0.0,0.0,1,0,4.0,1.0,0.0,6.0,0,0.0,0.0,0,1,1
20200822SKOB0,20200822,SK,OB,0,B,0,L,0.0,27.0,168,44,39,12.0,1.0,0.0,2.0,2.0,1.0,0,0,4.0,0.0,1.0,9.0,0,1.0,0.0,0,8,6
20200822OBSK0,20200822,OB,SK,0,T,0,W,0.0,27.0,163,41,36,9.0,2.0,0.0,1.0,0.0,0.0,0,0,5.0,0.0,0.0,7.0,0,0.0,0.0,0,1,1
20200822WOHT0,20200822,WO,HT,0,T,0,W,0.0,27.0,154,37,34,7.0,0.0,0.0,0.0,2.0,0.0,0,0,3.0,0.0,0.0,10.0,0,1.0,0.0,0,3,1
20200822LTSS0,20200822,LT,SS,0,T,0,W,3.0,27.0,157,38,35,10.0,1.0,0.0,0.0,3.0,0.0,1,1,2.0,0.0,0.0,5.0,1,1.0,0.0,1,3,2
20200822HTWO0,20200822,HT,WO,0,B,0,L,1.0,24.0,144,37,32,10.0,1.0,0.0,1.0,1.0,0.0,0,0,5.0,0.0,0.0,6.0,2,0.0,0.0,2,4,4
20200822SSLT0,20200822,SS,LT,0,B,0,L,0.0,27.0,135,42,39,13.0,2.0,0.0,1.0,1.0,0.0,1,0,2.0,0.0,0.0,5.0,0,1.0,0.0,0,5,5
20200823KTNC0,20200823,KT,NC,0,B,0,W,0.0,27.0,150,40,35,9.0,2.0,0.0,0.0,0.0,0.0,0,0,4.0,0.0,1.0,7.0,1,0.0,0.0,1,1,1
20200823OBSK0,20200823,OB,SK,0,T,0,W,0.0,27.0,165,40,34,9.0,1.0,1.0,0.0,0.0,1.0,1,1,4.0,0.0,1.0,7.0,0,0.0,0.0,0,1,1
20200823LTSS0,20200823,LT,SS,0,T,0,W,0.0,27.0,149,35,31,4.0,0.0,0.0,0.0,0.0,0.0,0,0,4.0,0.0,0.0,7.0,0,0.0,0.0,0,0,0
20200823NCKT0,20200823,NC,KT,0,T,0,L,0.0,24.0,160,42,34,13.0,2.0,0.0,3.0,0.0,2.0,0,0,8.0,0.0,0.0,6.0,1,0.0,0.0,1,10,10
20200823SKOB0,20200823,SK,OB,0,B,0,L,0.0,27.0,158,45,35,9.0,0.0,0.0,3.0,3.0,1.0,1,0,7.0,0.0,2.0,4.0,0,0.0,1.0,0,8,7
20200823SSLT0,20200823,SS,LT,0,B,0,L,0.0,27.0,167,43,37,10.0,2.0,0.0,3.0,1.0,1.0,0,0,6.0,0.0,0.0,7.0,0,1.0,0.0,0,11,8
20200823HTWO0,20200823,HT,WO,0,T,0,W,2.0,27.0,163,41,37,13.0,2.0,1.0,0.0,1.0,0.0,1,0,3.0,0.0,0.0,9.0,1,1.0,0.0,1,7,7
20200823LGHH0,20200823,LG,HH,0,B,0,L,0.0,27.0,132,36,31,6.0,1.0,0.0,1.0,0.0,1.0,1,1,4.0,0.0,0.0,6.0,0,0.0,0.0,0,4,2
20200823WOHT0,20200823,WO,HT,0,B,0,L,0.0,27.0,164,41,36,11.0,0.0,0.0,3.0,0.0,0.0,2,1,2.0,0.0,1.0,9.0,0,0.0,0.0,0,8,8
20200823HHLG0,20200823,HH,LG,0,T,0,W,3.0,27.0,159,37,30,6.0,1.0,0.0,0.0,0.0,0.0,0,0,6.0,1.0,1.0,8.0,3,1.0,0.0,3,3,3
20200824KTNC0,20200824,KT,NC,0,B,0,W,0.0,27.0,139,37,34,8.0,0.0,0.0,0.0,1.0,0.0,0,0,2.0,0.0,1.0,4.0,1,0.0,0.0,1,1,1
20200824HHLG0,20200824,HH,LG,0,T,0,W,1.0,27.0,158,37,32,5.0,1.0,0.0,0.0,1.0,0.0,0,0,4.0,0.0,1.0,6.0,1,1.0,0.0,1,3,2
20200824LGHH0,20200824,LG,HH,0,B,0,L,0.0,27.0,177,46,38,14.0,1.0,2.0,0.0,0.0,0.0,4,2,3.0,0.0,0.0,7.0,0,1.0,0.0,0,6,5
20200824NCKT0,20200824,NC,KT,0,T,0,L,0.0,24.0,158,41,37,14.0,1.0,0.0,1.0,1.0,1.0,0,0,4.0,0.0,0.0,9.0,0,0.0,0.0,0,8,8
20200825LGSS0,20200825,LG,SS,0,T,0,L,0.0,24.0,114,31,31,7.0,1.0,0.0,2.0,0.0,0.0,0,0,0.0,0.0,0.0,4.0,0,0.0,0.0,0,4,4
20200825WOKT0,20200825,WO,KT,0,T,0,W,1.0,27.0,127,33,32,5.0,2.0,0.0,0.0,0.0,0.0,0,0,1.0,0.0,0.0,7.0,0,0.0,0.0,0,1,1
20200825SSLG0,20200825,SS,LG,0,B,0,W,2.0,27.0,166,40,33,7.0,1.0,0.0,1.0,1.0,1.0,0,0,4.0,0.0,3.0,8.0,0,0.0,0.0,0,3,3
20200825NCHH0,20200825,NC,HH,0,B,0,W,0.0,27.0,179,43,37,11.0,1.0,1.0,0.0,0.0,0.0,0,0,4.0,0.0,2.0,9.0,1,0.0,0.0,1,3,3
20200825OBHT0,20200825,OB,HT,0,B,0,W,2.0,27.0,154,40,34,9.0,2.0,0.0,1.0,2.0,0.0,0,0,9.0,0.0,2.0,5.0,2,0.0,0.0,2,8,6
20200825SKLT0,20200825,SK,LT,0,T,0,W,0.0,27.0,175,43,38,11.0,1.0,0.0,1.0,0.0,0.0,1,1,4.0,0.0,0.0,6.0,1,3.0,0.0,1,8,7
20200825KTWO0,20200825,KT,WO,0,B,0,L,0.0,27.0,167,44,36,10.0,0.0,0.0,0.0,2.0,0.0,0,0,6.0,1.0,1.0,6.0,0,1.0,0.0,0,4,3
20200825HTOB0,20200825,HT,OB,0,T,0,L,0.0,24.0,164,40,37,15.0,1.0,0.0,3.0,0.0,1.0,1,0,5.0,0.0,0.0,2.0,1,0.0,0.0,1,10,8
20200825LTSK0,20200825,LT,SK,0,B,0,L,0.0,27.0,173,46,37,11.0,3.0,0.0,2.0,1.0,0.0,0,0,7.0,0.0,2.0,3.0,1,1.0,0.0,1,10,10
20200825HHNC0,20200825,HH,NC,0,T,0,L,0.0,24.0,150,40,38,15.0,3.0,0.0,6.0,1.0,0.0,0,0,2.0,0.0,0.0,7.0,0,0.0,0.0,0,11,11
20200826HHNC0,20200826,HH,NC,0,T,0,L,0.0,24.0,150,40,36,11.0,2.0,0.0,2.0,1.0,0.0,0,0,3.0,0.0,1.0,6.0,1,0.0,0.0,1,9,6
20200826OBHT0,20200826,OB,HT,0,B,0,L,0.0,27.0,177,46,41,15.0,1.0,0.0,1.0,0.0,0.0,1,0,4.0,0.0,0.0,5.0,0,1.0,0.0,0,7,7
20200826SSLG0,20200826,SS,LG,0,B,0,L,5.0,27.0,138,39,36,10.0,1.0,0.0,4.0,0.0,0.0,0,0,3.0,0.0,0.0,7.0,0,1.0,0.0,0,8,8
20200826SKLT0,20200826,SK,LT,0,T,0,L,0.0,24.0,140,37,28,4.0,0.0,0.0,0.0,0.0,0.0,0,0,8.0,0.0,1.0,4.0,0,1.0,0.0,0,3,3
20200826NCHH0,20200826,NC,HH,0,B,0,W,1.0,27.0,156,39,34,7.0,1.0,0.0,1.0,0.0,0.0,0,0,2.0,0.0,3.0,8.0,2,0.0,0.0,2,5,5
20200826KTWO0,20200826,KT,WO,0,B,0,W,0.0,30.0,153,40,36,8.0,0.0,1.0,2.0,1.0,0.0,1,0,3.0,0.0,0.0,6.0,1,0.0,0.0,1,5,5
20200826WOKT0,20200826,WO,KT,0,T,0,L,4.0,27.299999999999997,210,44,36,10.0,2.0,0.0,1.0,1.0,0.0,1,0,7.0,0.0,0.0,6.0,2,1.0,0.0,2,6,6
20200826HTOB0,20200826,HT,OB,0,T,0,W,3.0,27.0,172,43,35,11.0,1.0,0.0,1.0,0.0,0.0,2,2,6.0,0.0,0.0,8.0,1,4.0,0.0,1,5,4
20200826LTSK0,20200826,LT,SK,0,B,0,W,0.0,27.0,131,31,29,4.0,0.0,0.0,1.0,1.0,0.0,0,0,2.0,0.0,0.0,7.0,2,0.0,0.0,2,1,1
20200826LGSS0,20200826,LG,SS,0,T,0,W,1.0,27.0,139,37,35,9.0,0.0,0.0,1.0,0.0,0.0,0,0,1.0,0.0,1.0,6.0,1,0.0,0.0,1,5,5
20200827HHSS0,20200827,HH,SS,0,B,0,W,0.0,27.0,128,33,32,8.0,0.0,0.0,0.0,1.0,1.0,0,0,0.0,0.0,1.0,6.0,1,1.0,0.0,1,0,0
20200827LGKT0,20200827,LG,KT,0,B,0,W,1.0,27.0,142,35,29,2.0,1.0,0.0,0.0,0.0,0.0,0,0,4.0,0.0,2.0,5.0,0,0.0,0.0,0,0,0
20200827NCOB0,20200827,NC,OB,0,B,0,W,0.0,27.0,151,39,37,13.0,6.0,0.0,0.0,0.0,1.0,0,0,2.0,0.0,0.0,4.0,1,0.0,0.0,1,2,2
20200827SKHT0,20200827,SK,HT,0,B,0,W,1.0,27.0,139,37,33,8.0,2.0,0.0,0.0,0.0,1.0,1,0,2.0,0.0,1.0,12.0,0,0.0,0.0,0,4,4
20200827WOLT0,20200827,WO,LT,0,T,0,W,0.0,27.0,168,43,36,12.0,2.0,0.0,0.0,0.0,0.0,1,1,5.0,0.0,1.0,5.0,2,0.0,0.0,2,6,6
20200827KTLG0,20200827,KT,LG,0,T,0,L,0.0,24.0,122,31,29,6.0,0.0,1.0,0.0,1.0,1.0,0,0,2.0,0.0,0.0,7.0,1,0.0,0.0,1,2,1
20200827SSHH0,20200827,SS,HH,0,T,0,L,0.0,24.0,146,38,33,11.0,1.0,1.0,0.0,0.0,0.0,1,0,4.0,0.0,0.0,3.0,1,0.0,0.0,1,7,7
20200827HTSK0,20200827,HT,SK,0,T,0,L,0.0,24.0,140,42,36,14.0,4.0,0.0,2.0,1.0,0.0,3,1,2.0,0.0,1.0,6.0,0,0.0,0.0,0,10,5
20200827OBNC0,20200827,OB,NC,0,T,0,L,0.0,24.0,163,40,35,13.0,2.0,1.0,1.0,0.0,0.0,0,0,4.0,0.0,1.0,9.0,1,1.0,0.0,1,8,8
20200827LTWO0,20200827,LT,WO,0,B,0,L,0.0,27.0,152,45,40,15.0,5.0,0.0,3.0,2.0,0.0,1,0,3.0,0.0,1.0,2.0,2,0.0,0.0,2,11,9
20200828OBNC0,20200828,OB,NC,0,T,0,W,0.0,27.0,145,39,35,10.0,1.0,1.0,1.0,0.0,0.0,0,0,4.0,0.0,0.0,4.0,1,1.0,0.0,1,4,4
20200828WOLT0,20200828,WO,LT,0,T,0,W,0.0,27.0,129,40,37,12.0,2.0,0.0,2.0,2.0,0.0,0,0,2.0,0.0,1.0,3.0,1,0.0,0.0,1,4,4
20200828LGKT0,20200828,LG,KT,0,B,0,W,0.0,33.0,164,40,36,5.0,1.0,0.0,2.0,1.0,1.0,0,0,3.0,0.0,1.0,13.0,1,0.0,0.0,1,5,5
20200828HTSK0,20200828,HT,SK,0,T,0,W,1.0,27.0,180,44,33,11.0,2.0,2.0,1.0,0.0,1.0,2,0,6.0,0.0,3.0,10.0,2,1.0,0.0,2,8,7
20200828KTLG0,20200828,KT,LG,0,T,0,L,1.0,30.599999999999998,177,47,40,12.0,3.0,0.0,0.0,0.0,0.0,2,1,4.0,1.0,1.0,6.0,2,2.0,0.0,2,6,6
20200828SKHT0,20200828,SK,HT,0,B,0,L,0.0,27.0,193,45,39,13.0,0.0,0.0,4.0,0.0,0.0,2,0,4.0,0.0,0.0,8.0,0,1.0,1.0,0,11,11
20200828NCOB0,20200828,NC,OB,0,B,0,L,0.0,27.0,197,52,46,18.0,1.0,0.0,4.0,0.0,0.0,0,0,4.0,0.0,2.0,4.0,0,0.0,0.0,0,11,11
20200828LTWO0,20200828,LT,WO,0,B,0,L,1.0,27.0,196,44,36,11.0,3.0,0.0,2.0,5.0,1.0,1,1,7.0,1.0,0.0,7.0,0,1.0,0.0,0,8,7
20200829WOSS0,20200829,WO,SS,0,B,0,L,1.0,27.0,142,40,37,10.0,2.0,0.0,0.0,1.0,0.0,1,0,2.0,0.0,0.0,10.0,0,0.0,0.0,0,5,5
20200829SSWO0,20200829,SS,WO,0,T,0,W,0.0,27.0,119,35,30,8.0,2.0,0.0,0.0,0.0,0.0,2,1,3.0,0.0,0.0,3.0,3,0.0,0.0,3,4,4
20200829NCSK0,20200829,NC,SK,0,B,0,W,0.0,27.0,135,37,35,9.0,0.0,0.0,2.0,0.0,0.0,0,0,2.0,0.0,0.0,5.0,1,0.0,0.0,1,5,5
20200829SKNC0,20200829,SK,NC,0,T,0,L,0.0,24.0,153,39,35,14.0,3.0,0.0,2.0,1.0,3.0,0,0,3.0,1.0,1.0,4.0,1,1.0,0.0,1,9,9
20200829HHLT0,20200829,HH,LT,0,T,0,L,0.0,24.0,135,40,33,11.0,3.0,0.0,4.0,1.0,0.0,1,1,6.0,0.0,0.0,5.0,1,1.0,0.0,1,9,9
20200829LGOB0,20200829,LG,OB,0,B,0,D,0.0,27.0,140,38,35,11.0,3.0,0.0,1.0,2.0,1.0,0,0,3.0,0.0,0.0,3.0,0,1.0,0.0,0,5,5
20200829OBLG0,20200829,OB,LG,0,T,0,D,2.0,24.599999999999998,154,38,36,10.0,2.0,0.0,2.0,0.0,0.0,0,0,1.0,0.0,0.0,13.0,0,2.0,0.0,0,5,5
20200830SSWO0,20200830,SS,WO,0,T,0,L,0.0,24.0,178,37,34,11.0,1.0,1.0,0.0,3.0,1.0,0,0,3.0,0.0,0.0,4.0,1,2.0,0.0,1,3,3
20200830HHLT0,20200830,HH,LT,0,T,0,L,0.0,24.0,145,37,34,10.0,3.0,0.0,0.0,2.0,0.0,0,0,3.0,0.0,0.0,6.0,1,1.0,0.0,1,6,2
20200830KTHT0,20200830,KT,HT,0,T,0,W,2.0,51.0,126,38,67,20.0,3.0,0.0,1.0,1.0,0.0,3,1,7.0,0.0,1.0,9.0,2,1.0,0.0,2,12,9
20200830KTHT0,20200830,KT,HT,0,T,0,W,2.0,51.0,126,38,67,20.0,3.0,0.0,1.0,1.0,0.0,3,1,7.0,0.0,1.0,9.0,2,1.0,0.0,2,12,9
20200830WOSS0,20200830,WO,SS,0,B,0,W,1.0,27.0,131,37,34,10.0,0.0,0.0,0.0,2.0,0.0,2,1,1.0,0.0,0.0,5.0,1,0.0,0.0,1,2,2
20200830LTHH0,20200830,LT,HH,0,B,0,W,0.0,27.0,127,35,33,6.0,1.0,0.0,0.0,1.0,0.0,0,0,2.0,0.0,0.0,6.0,0,0.0,0.0,0,2,2
20200830SKNC0,20200830,SK,NC,0,T,0,L,0.0,24.0,139,38,28,7.0,2.0,1.0,0.0,0.0,0.0,2,1,7.0,1.0,1.0,5.0,0,0.0,0.0,0,7,7
20200830LGOB0,20200830,LG,OB,0,B,0,W,1.0,27.0,126,32,31,7.0,1.0,0.0,0.0,0.0,1.0,0,0,0.0,0.0,1.0,5.0,2,1.0,0.0,2,1,1
20200830NCSK0,20200830,NC,SK,0,B,0,W,4.0,27.0,132,37,33,7.0,1.0,0.0,3.0,0.0,0.0,1,0,3.0,0.0,0.0,7.0,0,0.0,0.0,0,4,4
20200830OBLG0,20200830,OB,LG,0,B,0,L,0.0,24.0,162,37,30,8.0,2.0,0.0,1.0,2.0,0.0,1,0,6.0,1.0,0.0,6.0,1,1.0,0.0,1,4,4
20200901LGSK0,20200901,LG,SK,0,T,0,W,2.0,27.0,166,42,35,10.0,0.0,0.0,0.0,1.0,0.0,1,1,6.0,1.0,0.0,8.0,1,1.0,0.0,1,5,5
20200901OBHH0,20200901,OB,HH,0,B,0,W,0.0,27.0,125,29,29,3.0,0.0,0.0,0.0,0.0,0.0,0,0,0.0,0.0,0.0,9.0,1,0.0,0.0,1,0,0
20200901HTSS0,20200901,HT,SS,0,B,0,W,0.0,27.0,121,31,30,4.0,0.0,0.0,0.0,0.0,0.0,0,0,1.0,0.0,0.0,5.0,2,0.0,0.0,2,0,0
20200901KTLT0,20200901,KT,LT,0,B,0,W,0.0,27.0,153,35,29,6.0,1.0,0.0,0.0,0.0,1.0,0,0,6.0,0.0,0.0,3.0,2,0.0,0.0,2,2,2
20200901NCWO0,20200901,NC,WO,0,T,0,W,3.0,27.0,135,35,33,6.0,2.0,0.0,0.0,0.0,0.0,0,0,2.0,0.0,0.0,7.0,0,0.0,0.0,0,2,2
20200901HHOB0,20200901,HH,OB,0,T,0,L,0.0,24.0,137,36,33,10.0,2.0,0.0,0.0,1.0,0.0,1,1,2.0,0.0,0.0,5.0,1,1.0,0.0,1,4,3
20200901WONC0,20200901,WO,NC,0,B,0,L,0.0,27.0,160,38,32,10.0,2.0,0.0,1.0,0.0,1.0,2,2,4.0,0.0,0.0,10.0,1,0.0,0.0,1,5,5
20200901SSHT0,20200901,SS,HT,0,T,0,L,0.0,24.0,188,40,31,9.0,2.0,0.0,1.0,0.0,1.0,0,0,9.0,0.0,0.0,9.0,0,0.0,0.0,0,6,6
20200901LTKT0,20200901,LT,KT,0,T,0,L,0.0,24.0,163,41,37,14.0,2.0,0.0,2.0,2.0,0.0,1,0,3.0,0.0,0.0,7.0,1,0.0,0.0,1,11,8
20200901SKLG0,20200901,SK,LG,0,B,0,L,0.0,27.0,193,49,38,11.0,3.0,0.0,3.0,0.0,0.0,2,1,8.0,1.0,1.0,10.0,0,3.0,0.0,0,13,11
20200902WONC0,20200902,WO,NC,0,B,0,W,0.0,27.0,136,38,34,9.0,3.0,0.0,1.0,0.0,0.0,0,0,2.0,0.0,2.0,5.0,2,0.0,0.0,2,4,4
20200902NCWO0,20200902,NC,WO,0,T,0,L,0.0,24.0,164,41,31,7.0,2.0,0.0,0.0,1.0,0.0,0,0,7.0,0.0,3.0,7.0,0,1.0,0.0,0,6,5
20200903SKKT0,20200903,SK,KT,0,T,0,L,0.0,24.0,162,38,34,12.0,3.0,0.0,0.0,1.0,1.0,0,0,4.0,0.0,0.0,6.0,1,1.0,0.0,1,6,6
20200903OBSS0,20200903,OB,SS,0,T,0,L,0.0,24.0,178,41,35,16.0,4.0,1.0,1.0,1.0,1.0,2,1,4.0,0.0,0.0,6.0,2,1.0,0.0,2,11,10
20200903HHWO0,20200903,HH,WO,0,B,0,L,0.0,27.0,168,40,34,9.0,0.0,0.0,1.0,2.0,1.0,1,1,5.0,0.0,0.0,8.0,0,0.0,0.0,0,6,6
20200903LTHT0,20200903,LT,HT,0,B,0,L,0.0,27.0,133,38,36,10.0,1.0,0.0,2.0,0.0,0.0,1,0,1.0,0.0,0.0,7.0,0,0.0,0.0,0,4,4
20200903NCLG0,20200903,NC,LG,0,T,0,L,3.0,24.0,131,35,32,9.0,1.0,0.0,1.0,0.0,1.0,1,0,2.0,0.0,0.0,8.0,2,0.0,0.0,2,6,2
20200903SSOB0,20200903,SS,OB,0,B,0,W,1.0,27.0,143,41,38,10.0,3.0,1.0,3.0,1.0,0.0,0,0,3.0,0.0,0.0,4.0,1,0.0,0.0,1,10,6
20200903LGNC0,20200903,LG,NC,0,B,0,W,0.0,27.0,161,43,40,16.0,2.0,0.0,0.0,3.0,0.0,0,0,2.0,0.0,1.0,11.0,2,0.0,0.0,2,5,5
20200903HTLT0,20200903,HT,LT,0,T,0,W,1.0,27.0,129,33,30,5.0,2.0,0.0,0.0,1.0,1.0,0,0,2.0,0.0,1.0,6.0,1,1.0,0.0,1,3,3
20200903WOHH0,20200903,WO,HH,0,T,0,W,2.0,27.0,157,44,38,11.0,2.0,0.0,1.0,0.0,1.0,0,0,4.0,0.0,2.0,8.0,0,1.0,0.0,0,5,3
20200903KTSK0,20200903,KT,SK,0,B,0,W,0.0,27.0,126,37,32,8.0,1.0,0.0,0.0,1.0,0.0,0,0,5.0,0.0,0.0,2.0,2,0.0,0.0,2,2,2
20200904NCLG0,20200904,NC,LG,0,T,0,D,3.0,36.0,222,57,46,13.0,3.0,1.0,0.0,2.0,0.0,2,0,8.0,1.0,1.0,14.0,0,1.0,0.0,0,5,5
20200904LGNC0,20200904,LG,NC,0,B,0,D,0.0,36.0,235,55,46,13.0,1.0,0.0,0.0,3.0,1.0,2,1,4.0,1.0,3.0,15.0,0,2.0,0.0,0,5,5
20200904OBSS0,20200904,OB,SS,0,T,0,L,0.0,24.0,191,48,37,16.0,3.0,0.0,2.0,1.0,0.0,2,2,9.0,0.0,0.0,3.0,2,2.0,0.0,2,12,11
20200904WOHH0,20200904,WO,HH,0,T,0,L,0.0,24.0,174,40,30,10.0,1.0,0.0,0.0,0.0,1.0,3,0,7.0,0.0,0.0,7.0,0,1.0,0.0,0,7,7
20200904SSOB0,20200904,SS,OB,0,B,0,W,0.0,27.0,160,38,32,8.0,1.0,0.0,0.0,0.0,0.0,1,1,5.0,0.0,0.0,12.0,2,1.0,0.0,2,5,5
20200904HHWO0,20200904,HH,WO,0,B,0,W,1.0,27.0,147,36,32,6.0,1.0,0.0,0.0,2.0,0.0,0,0,4.0,0.0,0.0,8.0,0,0.0,0.0,0,1,1
20200905SKOB0,20200905,SK,OB,0,T,0,L,0.0,24.0,159,38,29,6.0,1.0,0.0,0.0,0.0,1.0,0,0,9.0,0.0,0.0,5.0,0,0.0,0.0,0,5,5
20200905WOKT0,20200905,WO,KT,0,B,0,L,0.0,27.0,183,44,37,11.0,1.0,0.0,2.0,0.0,0.0,1,0,5.0,0.0,1.0,8.0,0,1.0,0.0,0,8,8
20200905HHHT0,20200905,HH,HT,0,B,0,L,0.0,27.0,156,44,36,13.0,4.0,0.0,0.0,0.0,1.0,1,0,6.0,0.0,0.0,5.0,1,1.0,0.0,1,5,5
20200905KTWO0,20200905,KT,WO,0,T,0,W,0.0,27.0,120,32,32,5.0,1.0,0.0,0.0,0.0,0.0,0,0,0.0,0.0,0.0,7.0,0,0.0,0.0,0,1,1
20200905OBSK0,20200905,OB,SK,0,B,0,W,0.0,27.0,117,32,30,5.0,0.0,0.0,1.0,0.0,0.0,0,0,1.0,0.0,1.0,7.0,1,0.0,0.0,1,1,1
20200905HTHH0,20200905,HT,HH,0,T,0,W,2.0,27.0,141,37,33,8.0,2.0,0.0,1.0,0.0,0.0,1,1,3.0,0.0,0.0,11.0,1,1.0,0.0,1,4,4
20200906SKOB0,20200906,SK,OB,0,T,0,L,0.0,24.0,165,43,38,14.0,2.0,0.0,2.0,0.0,0.0,0,0,5.0,0.0,0.0,3.0,0,2.0,0.0,0,10,9
20200906NCSS0,20200906,NC,SS,0,T,0,L,0.0,24.0,147,36,34,10.0,0.0,0.0,3.0,0.0,0.0,0,0,3.0,0.0,0.0,5.0,0,0.0,0.0,0,5,5
20200906HHHT0,20200906,HH,HT,0,B,0,L,0.0,27.0,167,41,35,10.0,5.0,0.0,1.0,0.0,1.0,2,1,3.0,0.0,1.0,9.0,0,0.0,0.0,0,8,7
20200906WOKT0,20200906,WO,KT,0,B,0,L,0.0,27.0,187,45,38,12.0,2.0,0.0,0.0,0.0,0.0,1,1,4.0,1.0,1.0,6.0,1,0.0,0.0,1,8,7
20200906LTLG0,20200906,LT,LG,0,B,0,L,0.0,27.0,163,44,42,14.0,4.0,0.0,2.0,0.0,0.0,1,0,1.0,1.0,0.0,8.0,0,0.0,0.0,0,7,5
20200906OBSK0,20200906,OB,SK,0,B,0,W,0.0,27.0,111,33,31,3.0,0.0,0.0,0.0,0.0,0.0,0,0,2.0,0.0,0.0,7.0,0,0.0,0.0,0,0,0
20200906HTHH0,20200906,HT,HH,0,T,0,W,0.0,27.0,148,36,36,10.0,1.0,0.0,2.0,0.0,0.0,0,0,0.0,0.0,0.0,13.0,0,1.0,0.0,0,4,4
20200906SSNC0,20200906,SS,NC,0,B,0,W,0.0,27.0,130,33,31,5.0,0.0,0.0,1.0,0.0,0.0,0,0,2.0,0.0,0.0,10.0,1,0.0,0.0,1,3,3
20200906LGLT0,20200906,LG,LT,0,T,0,W,1.0,27.0,121,33,29,3.0,1.0,0.0,0.0,0.0,0.0,0,0,4.0,0.0,0.0,4.0,1,0.0,0.0,1,1,1
20200906KTWO0,20200906,KT,WO,0,T,0,W,2.0,27.0,38,38,34,9.0,2.0,0.0,2.0,0.0,1.0,0,0,3.0,0.0,1.0,10.0,1,0.0,0.0,1,7,7
20200907LTLG0,20200907,LT,LG,0,T,0,W,0.0,27.0,181,43,40,16.0,2.0,0.0,1.0,0.0,0.0,0,0,3.0,0.0,0.0,9.0,2,0.0,0.0,2,6,5
20200907LGLT0,20200907,LG,LT,0,B,0,L,0.0,24.0,172,45,39,16.0,6.0,0.0,2.0,0.0,0.0,0,0,5.0,0.0,1.0,4.0,1,0.0,0.0,1,12,12
20200908SKWO0,20200908,SK,WO,0,B,0,L,1.0,27.0,196,49,43,17.0,4.0,0.0,5.0,0.0,0.0,0,0,6.0,0.0,0.0,7.0,1,1.0,0.0,1,16,16
20200908LTNC0,20200908,LT,NC,0,T,0,L,0.0,24.0,168,46,42,17.0,5.0,0.0,0.0,0.0,0.0,0,0,3.0,0.0,1.0,6.0,0,1.0,0.0,0,14,10
20200908KTOB0,20200908,KT,OB,0,T,0,L,0.0,24.0,132,39,36,12.0,7.0,0.0,1.0,0.0,0.0,0,0,3.0,0.0,0.0,5.0,0,2.0,0.0,0,8,8
20200908LGHT0,20200908,LG,HT,0,T,0,L,0.0,24.0,124,34,31,7.0,4.0,0.0,0.0,0.0,0.0,0,0,3.0,1.0,0.0,5.0,1,0.0,0.0,1,3,1
20200908SSHH0,20200908,SS,HH,0,B,0,L,0.0,30.0,173,43,36,10.0,2.0,0.0,0.0,0.0,0.0,4,2,3.0,0.0,0.0,9.0,0,0.0,0.0,0,4,4
20200908NCLT0,20200908,NC,LT,0,B,0,W,0.0,27.0,149,38,33,6.0,1.0,0.0,0.0,1.0,0.0,0,0,5.0,0.0,0.0,6.0,0,1.0,0.0,0,2,2
20200908HTLG0,20200908,HT,LG,0,B,0,W,1.0,27.0,160,43,35,11.0,3.0,1.0,0.0,0.0,0.0,0,0,6.0,0.0,2.0,3.0,2,1.0,0.0,2,2,2
20200908HHSS0,20200908,HH,SS,0,T,0,W,0.0,30.0,173,40,36,7.0,1.0,0.0,0.0,2.0,0.0,1,0,3.0,0.0,0.0,6.0,0,0.0,0.0,0,2,2
20200908OBKT0,20200908,OB,KT,0,B,0,W,0.0,27.0,157,38,33,6.0,1.0,0.0,0.0,0.0,1.0,0,0,5.0,0.0,0.0,7.0,0,1.0,0.0,0,0,0
20200908WOSK0,20200908,WO,SK,0,T,0,W,1.0,27.0,186,51,45,16.0,4.0,0.0,3.0,0.0,0.0,1,0,4.0,0.0,1.0,8.0,0,0.0,0.0,0,15,12
20200909SKWO0,20200909,SK,WO,0,B,0,L,0.0,27.0,238,53,35,11.0,2.0,0.0,1.0,3.0,0.0,2,2,16.0,0.0,0.0,5.0,3,0.0,0.0,3,13,11
20200909KTOB0,20200909,KT,OB,0,T,0,W,0.0,33.0,161,46,41,10.0,2.0,0.0,0.0,1.0,0.0,2,1,3.0,0.0,0.0,6.0,0,0.0,0.0,0,2,2
20200909WOSK0,20200909,WO,SK,0,T,0,W,1.0,27.0,135,37,35,9.0,1.0,0.0,2.0,0.0,0.0,0,0,2.0,0.0,0.0,3.0,2,0.0,0.0,2,4,4
20200909LTNC0,20200909,LT,NC,0,T,0,W,2.0,30.0,194,47,42,11.0,4.0,1.0,1.0,1.0,0.0,0,0,5.0,1.0,0.0,9.0,1,1.0,0.0,1,5,5
20200909OBKT0,20200909,OB,KT,0,B,0,L,0.0,33.0,179,43,38,5.0,0.0,0.0,1.0,1.0,0.0,1,0,4.0,0.0,0.0,13.0,0,1.0,0.0,0,4,3
20200909NCLT0,20200909,NC,LT,0,B,0,L,0.0,30.0,184,48,36,8.0,3.0,0.0,0.0,0.0,0.0,2,0,8.0,0.0,2.0,7.0,0,1.0,0.0,0,7,7
20200910LGWO0,20200910,LG,WO,0,B,0,W,1.0,27.0,136,36,32,6.0,1.0,0.0,1.0,0.0,0.0,1,0,3.0,0.0,0.0,7.0,0,0.0,0.0,0,1,1
20200910SKHH0,20200910,SK,HH,0,T,0,W,0.0,27.0,127,34,30,5.0,0.0,0.0,0.0,0.0,0.0,0,0,3.0,0.0,1.0,9.0,2,1.0,0.0,2,1,1
20200910OBHT0,20200910,OB,HT,0,T,0,W,2.0,27.0,162,36,32,7.0,0.0,1.0,1.0,0.0,2.0,0,0,4.0,0.0,0.0,7.0,0,1.0,0.0,0,4,4
20200910LTSS0,20200910,LT,SS,0,B,0,W,0.0,27.0,147,41,37,10.0,5.0,0.0,0.0,0.0,0.0,1,0,3.0,0.0,0.0,6.0,0,1.0,0.0,0,8,8
20200910NCKT0,20200910,NC,KT,0,B,0,W,2.0,27.0,126,37,32,8.0,0.0,1.0,4.0,0.0,0.0,1,1,1.0,0.0,3.0,7.0,1,0.0,0.0,1,8,8
20200910WOLG0,20200910,WO,LG,0,T,0,L,0.0,24.0,149,40,35,10.0,2.0,0.0,1.0,0.0,0.0,0,0,5.0,0.0,0.0,7.0,0,0.0,0.0,0,6,4
20200910HTOB0,20200910,HT,OB,0,B,0,L,0.0,27.0,174,42,36,9.0,0.0,0.0,0.0,2.0,0.0,0,0,6.0,0.0,0.0,9.0,0,0.0,0.0,0,5,5
20200910HHSK0,20200910,HH,SK,0,B,0,L,0.0,27.0,153,41,36,9.0,1.0,0.0,1.0,1.0,0.0,0,0,4.0,0.0,1.0,5.0,0,0.0,0.0,0,5,5
20200910KTNC0,20200910,KT,NC,0,T,0,L,0.0,24.0,176,46,36,13.0,3.0,0.0,3.0,0.0,0.0,1,1,8.0,0.0,1.0,4.0,0,2.0,0.0,0,13,12
20200910SSLT0,20200910,SS,LT,0,T,0,L,1.0,24.0,200,50,45,21.0,3.0,0.0,2.0,0.0,0.0,0,0,5.0,0.0,0.0,6.0,0,0.0,0.0,0,13,13
20200911KTNC0,20200911,KT,NC,0,T,0,L,0.0,24.0,154,40,37,13.0,4.0,0.0,3.0,2.0,0.0,0,0,3.0,0.0,0.0,7.0,0,1.0,0.0,0,9,9
20200911SSLT0,20200911,SS,LT,0,T,0,L,0.0,24.0,182,45,37,14.0,2.0,0.0,1.0,0.0,0.0,0,0,8.0,0.0,0.0,8.0,1,1.0,0.0,1,12,12
20200911LGWO0,20200911,LG,WO,0,B,0,L,0.0,27.0,130,41,38,13.0,3.0,1.0,0.0,1.0,0.0,1,0,0.0,0.0,2.0,4.0,1,0.0,0.0,1,8,8
20200911HHSK0,20200911,HH,SK,0,B,0,L,0.0,27.0,139,36,33,8.0,3.0,0.0,0.0,0.0,1.0,1,1,2.0,0.0,0.0,5.0,0,1.0,0.0,0,4,3
20200911WOLG0,20200911,WO,LG,0,T,0,W,0.0,27.0,153,38,33,8.0,1.0,0.0,0.0,1.0,0.0,2,2,3.0,0.0,0.0,11.0,0,0.0,0.0,0,2,2
20200911SKHH0,20200911,SK,HH,0,T,0,W,1.0,27.0,162,38,34,6.0,1.0,0.0,0.0,0.0,0.0,0,0,4.0,0.0,0.0,12.0,1,1.0,0.0,1,3,3
20200911NCKT0,20200911,NC,KT,0,B,0,W,0.0,27.0,153,38,31,6.0,0.0,1.0,1.0,0.0,0.0,1,0,5.0,0.0,1.0,10.0,1,0.0,1.0,1,1,1
20200911LTSS0,20200911,LT,SS,0,B,0,W,0.0,27.0,162,38,36,8.0,0.0,0.0,2.0,0.0,0.0,1,1,1.0,0.0,0.0,9.0,0,0.0,0.0,0,4,3
20200912OBWO0,20200912,OB,WO,0,T,0,L,0.0,24.0,141,36,31,9.0,2.0,0.0,0.0,0.0,1.0,1,0,3.0,0.0,1.0,6.0,0,0.0,0.0,0,2,2
20200912NCHT0,20200912,NC,HT,0,B,0,L,0.0,27.0,188,48,40,14.0,5.0,0.0,2.0,0.0,0.0,0,0,6.0,0.0,2.0,2.0,0,0.0,0.0,0,11,10
20200912HHKT0,20200912,HH,KT,0,T,0,L,0.0,24.0,160,38,31,9.0,1.0,0.0,0.0,3.0,0.0,1,1,5.0,0.0,1.0,3.0,0,1.0,0.0,0,5,5
20200912LGSS0,20200912,LG,SS,0,B,0,L,0.0,27.0,151,36,32,7.0,0.0,1.0,2.0,1.0,1.0,0,0,4.0,0.0,0.0,8.0,1,0.0,0.0,1,5,5
20200912LTSK0,20200912,LT,SK,0,T,0,L,0.0,24.0,125,32,29,5.0,1.0,0.0,0.0,0.0,0.0,0,0,3.0,0.0,0.0,2.0,1,1.0,0.0,1,2,1
20200912HTNC0,20200912,HT,NC,0,T,0,W,0.0,27.0,155,35,32,6.0,1.0,0.0,1.0,1.0,0.0,0,0,3.0,0.0,0.0,7.0,0,1.0,0.0,0,3,3
20200912KTHH0,20200912,KT,HH,0,B,0,W,2.0,27.0,126,36,35,7.0,0.0,0.0,0.0,1.0,0.0,0,0,1.0,0.0,0.0,10.0,0,0.0,0.0,0,2,2
20200912SSLG0,20200912,SS,LG,0,T,0,W,0.0,27.0,122,30,29,2.0,0.0,0.0,1.0,1.0,0.0,0,0,1.0,0.0,0.0,6.0,0,0.0,0.0,0,1,1
20200912SKLT0,20200912,SK,LT,0,B,0,W,2.0,27.0,145,36,30,6.0,0.0,0.0,0.0,0.0,1.0,1,1,5.0,0.0,0.0,6.0,1,0.0,0.0,1,1,1
20200912WOOB0,20200912,WO,OB,0,B,0,W,2.0,27.0,123,31,29,4.0,1.0,0.0,0.0,0.0,0.0,0,0,2.0,0.0,0.0,8.0,2,0.0,0.0,2,0,0
20200913HHKT0,20200913,HH,KT,0,T,0,L,4.0,24.599999999999998,154,39,33,12.0,1.0,0.0,0.0,0.0,0.0,3,2,3.0,0.0,0.0,11.0,2,0.0,0.0,2,5,5
20200913WOOB0,20200913,WO,OB,0,B,0,D,0.0,36.0,223,56,48,15.0,2.0,0.0,0.0,0.0,2.0,1,1,7.0,0.0,0.0,7.0,0,0.0,0.0,0,6,5
20200913LGSS0,20200913,LG,SS,0,B,0,L,0.0,27.0,191,51,42,18.0,1.0,1.0,1.0,2.0,0.0,4,2,5.0,0.0,0.0,5.0,0,2.0,0.0,0,11,9
20200913OBWO0,20200913,OB,WO,0,T,0,D,2.0,36.0,242,60,49,13.0,1.0,0.0,0.0,2.0,0.0,0,0,10.0,1.0,1.0,15.0,0,1.0,0.0,0,6,6
20200913LTSK0,20200913,LT,SK,0,T,0,L,0.0,24.0,96,29,27,4.0,0.0,0.0,2.0,1.0,0.0,0,0,1.0,0.0,1.0,5.0,1,0.0,0.0,1,3,3
20200913NCHT0,20200913,NC,HT,0,B,0,L,0.0,27.0,150,38,33,10.0,1.0,0.0,0.0,0.0,2.0,2,1,3.0,0.0,0.0,5.0,1,0.0,0.0,1,4,4
20200913KTHH0,20200913,KT,HH,0,B,0,W,0.0,27.0,166,39,30,6.0,1.0,0.0,0.0,2.0,1.0,2,1,5.0,0.0,2.0,6.0,0,0.0,0.0,0,4,3
20200913SKLT0,20200913,SK,LT,0,B,0,W,2.0,27.0,126,36,29,5.0,0.0,0.0,0.0,0.0,0.0,1,1,5.0,0.0,1.0,1.0,2,0.0,0.0,2,1,1
20200913SSLG0,20200913,SS,LG,0,T,1,W,0.0,27.0,110,32,31,4.0,1.0,0.0,0.0,0.0,0.0,0,0,1.0,0.0,0.0,10.0,0,0.0,0.0,0,0,0
20200913HTNC0,20200913,HT,NC,0,T,0,W,2.0,27.0,156,41,32,8.0,0.0,0.0,0.0,3.0,1.0,3,1,4.0,0.0,2.0,6.0,0,1.0,0.0,0,3,3
20200915LTWO0,20200915,LT,WO,0,T,0,W,1.0,27.0,190,46,38,11.0,1.0,0.0,0.0,0.0,0.0,0,0,7.0,0.0,1.0,7.0,1,1.0,0.0,1,5,5
20200915HTSK0,20200915,HT,SK,0,B,0,L,0.0,27.0,190,52,40,17.0,1.0,0.0,2.0,3.0,1.0,2,1,9.0,0.0,1.0,5.0,3,0.0,0.0,3,16,15
20200915LGHH0,20200915,LG,HH,0,T,0,L,0.0,27.599999999999998,161,45,38,11.0,1.0,0.0,0.0,0.0,0.0,0,0,5.0,0.0,2.0,10.0,2,1.0,0.0,2,6,6
20200915NCOB0,20200915,NC,OB,0,T,0,L,0.0,24.0,128,35,30,8.0,3.0,0.0,0.0,0.0,0.0,1,0,2.0,0.0,2.0,3.0,0,0.0,0.0,0,7,5
20200915KTSS0,20200915,KT,SS,0,B,0,L,0.0,27.0,137,42,37,14.0,1.0,0.0,1.0,0.0,0.0,1,0,4.0,1.0,0.0,1.0,2,1.0,0.0,2,7,6
20200915WOLT0,20200915,WO,LT,0,B,0,L,0.0,27.0,162,39,33,10.0,3.0,0.0,1.0,0.0,1.0,0,0,5.0,0.0,0.0,3.0,2,0.0,0.0,2,8,8
20200915SKHT0,20200915,SK,HT,0,T,0,W,0.0,27.0,138,34,29,5.0,0.0,0.0,0.0,0.0,0.0,0,0,5.0,0.0,0.0,4.0,3,0.0,0.0,3,1,1
20200915OBNC0,20200915,OB,NC,0,B,0,W,0.0,27.0,150,37,33,6.0,1.0,1.0,0.0,2.0,1.0,0,0,3.0,0.0,1.0,5.0,0,0.0,0.0,0,3,3
20200915HHLG0,20200915,HH,LG,0,B,0,W,0.0,30.0,185,42,39,8.0,2.0,0.0,1.0,3.0,0.0,0,0,3.0,0.0,0.0,14.0,0,1.0,0.0,0,5,4
20200915SSKT0,20200915,SS,KT,0,T,0,W,0.0,27.0,171,38,36,8.0,1.0,0.0,0.0,0.0,0.0,0,0,2.0,0.0,0.0,11.0,1,1.0,0.0,1,0,0
20200916SKHT0,20200916,SK,HT,0,T,0,W,0.0,27.0,162,41,33,10.0,1.0,0.0,1.0,0.0,0.0,2,1,4.0,0.0,2.0,6.0,1,1.0,0.0,1,6,6
20200916LTWO0,20200916,LT,WO,0,T,0,W,0.0,27.0,160,37,32,4.0,1.0,0.0,0.0,1.0,0.0,0,0,4.0,0.0,1.0,12.0,0,0.0,0.0,0,2,1
20200916NCOB0,20200916,NC,OB,0,T,0,W,3.0,27.0,133,33,32,7.0,1.0,0.0,0.0,0.0,0.0,0,0,0.0,0.0,1.0,6.0,1,0.0,0.0,1,3,3
20200916LGHH0,20200916,LG,HH,0,T,0,W,0.0,27.0,148,39,35,9.0,0.0,1.0,2.0,0.0,0.0,0,0,3.0,0.0,1.0,11.0,1,0.0,0.0,1,5,5
20200916KTSS0,20200916,KT,SS,0,B,0,W,0.0,27.0,171,45,39,14.0,1.0,0.0,0.0,0.0,0.0,0,0,6.0,0.0,0.0,4.0,1,3.0,0.0,1,6,6
20200916OBNC0,20200916,OB,NC,0,B,0,L,0.0,27.0,158,39,34,8.0,1.0,0.0,2.0,2.0,0.0,1,0,4.0,0.0,0.0,10.0,0,0.0,0.0,0,5,4
20200916WOLT0,20200916,WO,LT,0,B,0,L,0.0,27.0,173,44,39,14.0,4.0,0.0,0.0,0.0,0.0,1,1,4.0,0.0,0.0,6.0,1,0.0,0.0,1,8,8
20200916HHLG0,20200916,HH,LG,0,B,0,L,0.0,27.0,162,46,40,15.0,8.0,0.0,0.0,0.0,0.0,0,0,6.0,0.0,0.0,5.0,2,1.0,0.0,2,11,10
20200916SSKT0,20200916,SS,KT,0,T,0,L,0.0,24.0,190,46,43,19.0,4.0,0.0,1.0,0.0,0.0,0,0,2.0,0.0,1.0,8.0,0,1.0,0.0,0,11,11
20200916HTSK0,20200916,HT,SK,0,B,0,L,3.0,27.0,193,45,37,11.0,4.0,0.0,0.0,0.0,1.0,0,0,8.0,1.0,0.0,5.0,1,3.0,0.0,1,7,5
20200917SKNC0,20200917,SK,NC,0,T,0,L,0.0,27.0,146,38,34,9.0,1.0,0.0,2.0,1.0,0.0,1,0,3.0,1.0,0.0,6.0,1,0.0,0.0,1,3,3
20200917HTSS0,20200917,HT,SS,0,B,0,W,0.0,27.0,153,37,33,7.0,0.0,0.0,0.0,0.0,0.0,1,1,3.0,0.0,0.0,11.0,0,0.0,0.0,0,2,2
20200917KTOB0,20200917,KT,OB,0,B,0,W,0.0,27.0,105,33,33,6.0,0.0,0.0,0.0,0.0,0.0,0,0,0.0,0.0,0.0,5.0,2,1.0,0.0,2,0,0
20200917OBKT0,20200917,OB,KT,0,T,0,L,0.0,24.0,157,35,31,9.0,1.0,1.0,0.0,3.0,0.0,1,0,3.0,1.0,0.0,8.0,0,0.0,0.0,0,3,3
20200917HHWO0,20200917,HH,WO,0,T,0,L,0.0,24.0,152,35,26,4.0,2.0,0.0,0.0,0.0,0.0,1,1,8.0,0.0,0.0,9.0,1,1.0,0.0,1,5,5
20200917LTLG0,20200917,LT,LG,0,T,0,L,0.0,24.0,158,39,34,8.0,0.0,0.0,2.0,1.0,0.0,1,0,4.0,0.0,0.0,6.0,0,0.0,0.0,0,9,9
20200917SSHT0,20200917,SS,HT,0,B,0,L,0.0,27.0,167,44,40,16.0,4.0,0.0,3.0,0.0,0.0,1,1,3.0,0.0,0.0,6.0,1,0.0,1.0,1,12,12
20200917NCSK0,20200917,NC,SK,0,T,0,W,1.0,27.0,124,33,30,4.0,0.0,0.0,0.0,1.0,0.0,1,0,1.0,0.0,1.0,11.0,0,0.0,0.0,0,0,0
20200917LGLT0,20200917,LG,LT,0,B,0,W,0.0,27.0,127,34,34,8.0,2.0,0.0,0.0,0.0,0.0,0,0,0.0,0.0,0.0,5.0,2,2.0,0.0,2,1,1
20200917WOHH0,20200917,WO,HH,0,B,0,W,1.0,27.0,128,32,29,3.0,0.0,0.0,0.0,0.0,0.0,1,1,1.0,0.0,1.0,13.0,0,0.0,0.0,0,2,2
20200918LTLG0,20200918,LT,LG,0,T,0,W,1.0,27.0,146,38,34,7.0,1.0,0.0,1.0,1.0,0.0,0,0,4.0,0.0,0.0,6.0,0,0.0,1.0,0,3,3
20200918HHWO0,20200918,HH,WO,0,T,0,W,2.0,27.0,135,34,31,4.0,2.0,0.0,0.0,1.0,0.0,0,0,3.0,0.0,0.0,9.0,0,1.0,0.0,0,0,0
20200918SSHT0,20200918,SS,HT,0,B,0,L,0.0,27.0,207,49,39,15.0,2.0,0.0,2.0,0.0,0.0,2,1,5.0,0.0,3.0,4.0,1,0.0,0.0,1,13,13
20200918SKNC0,20200918,SK,NC,0,B,0,L,0.0,27.0,157,40,31,8.0,0.0,1.0,1.0,1.0,1.0,2,0,5.0,0.0,2.0,6.0,0,0.0,0.0,0,9,9
20200918OBKT0,20200918,OB,KT,0,T,0,L,0.0,30.299999999999997,183,46,40,11.0,1.0,0.0,2.0,0.0,0.0,1,0,4.0,1.0,1.0,11.0,1,0.0,0.0,1,5,5
20200918KTOB0,20200918,KT,OB,0,B,0,W,3.0,33.0,159,45,41,11.0,1.0,0.0,1.0,0.0,1.0,2,1,2.0,0.0,0.0,4.0,1,0.0,0.0,1,4,3
20200918WOHH0,20200918,WO,HH,0,B,0,L,0.0,27.0,149,37,36,8.0,1.0,0.0,0.0,0.0,0.0,0,0,0.0,0.0,1.0,10.0,0,0.0,0.0,0,2,1
20200918NCSK0,20200918,NC,SK,0,T,0,W,4.0,27.0,145,37,31,8.0,2.0,0.0,3.0,0.0,2.0,0,0,6.0,0.0,0.0,4.0,1,0.0,0.0,1,5,5
20200918HTSS0,20200918,HT,SS,0,T,0,W,0.0,27.0,155,40,35,9.0,2.0,0.0,0.0,0.0,1.0,1,1,4.0,0.0,0.0,9.0,0,1.0,0.0,0,5,3
20200918LGLT0,20200918,LG,LT,0,B,0,L,0.0,27.0,149,40,36,8.0,1.0,0.0,0.0,3.0,0.0,0,0,4.0,0.0,0.0,8.0,1,1.0,0.0,1,5,3
20200919KTSK0,20200919,KT,SK,0,T,0,W,4.0,27.0,138,34,30,3.0,0.0,0.0,0.0,0.0,0.0,0,0,4.0,0.0,0.0,6.0,1,1.0,0.0,1,0,0
20200919OBLG0,20200919,OB,LG,0,B,0,L,0.0,27.0,178,47,40,18.0,1.0,0.0,2.0,2.0,0.0,3,2,3.0,0.0,1.0,6.0,2,0.0,0.0,2,9,9
20200919LTNC0,20200919,LT,NC,0,B,0,W,0.0,27.0,127,36,34,10.0,0.0,0.0,1.0,1.0,1.0,0,0,1.0,0.0,1.0,7.0,2,0.0,0.0,2,1,1
20200919WOSS0,20200919,WO,SS,0,T,0,W,1.0,27.0,153,40,37,11.0,3.0,0.0,2.0,2.0,0.0,0,0,2.0,0.0,1.0,6.0,2,1.0,0.0,2,7,6
20200919LGOB0,20200919,LG,OB,0,T,0,W,0.0,27.0,164,39,36,10.0,2.0,0.0,2.0,0.0,0.0,0,0,3.0,0.0,0.0,8.0,1,0.0,0.0,1,6,6
20200919SKKT0,20200919,SK,KT,0,B,0,L,0.0,27.0,157,41,34,8.0,0.0,0.0,0.0,1.0,0.0,1,1,6.0,0.0,0.0,11.0,1,0.0,0.0,1,5,2
20200919NCLT0,20200919,NC,LT,0,T,0,L,0.0,24.0,167,38,30,7.0,1.0,0.0,2.0,0.0,0.0,0,0,7.0,0.0,1.0,8.0,1,0.0,0.0,1,5,5
20200919HHHT0,20200919,HH,HT,0,T,0,L,0.0,24.0,151,35,29,10.0,2.0,0.0,0.0,1.0,0.0,2,2,3.0,0.0,1.0,4.0,0,0.0,0.0,0,8,6
20200919SSWO0,20200919,SS,WO,0,B,0,L,0.0,27.0,180,43,39,15.0,3.0,0.0,0.0,2.0,0.0,1,1,3.0,0.0,0.0,12.0,0,0.0,0.0,0,8,8
20200919HTHH0,20200919,HT,HH,0,B,0,W,0.0,27.0,108,31,31,5.0,0.0,0.0,0.0,0.0,1.0,0,0,0.0,0.0,0.0,11.0,0,0.0,0.0,0,0,0
20200920KTSK0,20200920,KT,SK,0,T,0,W,1.0,27.0,141,31,28,3.0,1.0,0.0,0.0,0.0,0.0,0,0,3.0,0.0,0.0,4.0,3,0.0,0.0,3,2,1
20200920HHHT0,20200920,HH,HT,0,T,0,W,0.0,27.0,157,38,33,9.0,1.0,0.0,1.0,0.0,0.0,1,1,4.0,0.0,0.0,7.0,1,0.0,0.0,1,3,3
20200920OBLG0,20200920,OB,LG,0,B,0,W,0.0,27.0,158,38,37,10.0,3.0,1.0,2.0,0.0,0.0,0,0,1.0,0.0,0.0,11.0,0,0.0,0.0,0,5,5
20200920SSWO0,20200920,SS,WO,0,T,0,W,0.0,27.0,161,41,37,13.0,2.0,0.0,1.0,0.0,0.0,0,0,4.0,0.0,0.0,7.0,3,0.0,0.0,3,6,6
20200920SKKT0,20200920,SK,KT,0,B,0,L,0.0,27.0,171,43,37,11.0,2.0,0.0,1.0,2.0,1.0,1,1,4.0,0.0,1.0,10.0,0,1.0,0.0,0,10,6
20200920LGOB0,20200920,LG,OB,0,T,0,L,1.0,24.599999999999998,191,45,31,9.0,1.0,0.0,1.0,1.0,0.0,0,0,12.0,0.0,2.0,6.0,3,3.0,0.0,3,6,6
20200920WOSS0,20200920,WO,SS,0,T,0,L,0.0,24.0,192,48,42,18.0,0.0,0.0,3.0,1.0,0.0,1,0,5.0,0.0,0.0,6.0,1,1.0,0.0,1,14,9
20200920HTHH0,20200920,HT,HH,0,B,0,L,0.0,27.0,217,50,40,16.0,4.0,0.0,1.0,0.0,1.0,2,1,6.0,0.0,2.0,10.0,0,2.0,0.0,0,11,11
